text,favorited,favoriteCount,replyToSN,created,truncated,replyToSID,id,replyToUID,statusSource,screenName,retweetCount,isRetweet,retweeted,longitude,latitude
"I'm still asking you to believe - not in my ability to bring about change, but in yours. I believe in change because I believe in you.",FALSE,799385,POTUS44,2017-01-20 14:13:35,FALSE,8.224463347876E+017,8.22446982648201E+017,1536791610,"<a href=""http://twitter.com"" rel=""nofollow"">Twitter Web Client</a>",POTUS44,332596,FALSE,FALSE,NA,NA
"As we look forward, I want our first steps to reflect what matters most to you. Share your thoughts with me at https://t.co/fGUxlpLVue.",FALSE,206717,POTUS44,2017-01-20 14:11:01,FALSE,8.22446040729158E+017,8.224463347876E+017,1536791610,"<a href=""http://twitter.com"" rel=""nofollow"">Twitter Web Client</a>",POTUS44,56101,FALSE,FALSE,NA,NA
"I won't stop; I'll be right there with you as a citizen, inspired by your voices of truth and justice, good humor, and love.",FALSE,595517,POTUS44,2017-01-20 14:09:51,FALSE,8.22445882247414E+017,8.22446040729158E+017,1536791610,"<a href=""http://twitter.com"" rel=""nofollow"">Twitter Web Client</a>",POTUS44,209368,FALSE,FALSE,NA,NA
It's been the honor of my life to serve you. You made me a better leader and a better man.,FALSE,1597133,NA,2017-01-20 14:09:13,FALSE,NA,8.22445882247414E+017,NA,"<a href=""http://twitter.com"" rel=""nofollow"">Twitter Web Client</a>",POTUS44,603855,FALSE,FALSE,NA,NA
"Proud to make this one of my final actions as President. America is a nation of second chances, and 1,715 people de… https://t.co/vZLJa9SweM",FALSE,225418,NA,2017-01-19 20:39:46,TRUE,NA,8.22181779217982E+017,NA,"<a href=""http://twitter.com/download/iphone"" rel=""nofollow"">Twitter for iPhone</a>",POTUS44,65885,FALSE,FALSE,NA,NA
"To the girl from the South Side who took on a role she didn't ask for and made it her own: Happy Birthday, Michelle… https://t.co/cFWec1RQN0",FALSE,1163336,NA,2017-01-17 14:59:24,TRUE,NA,8.21371347012088E+017,NA,"<a href=""http://twitter.com/download/iphone"" rel=""nofollow"">Twitter for iPhone</a>",POTUS44,337823,FALSE,FALSE,NA,NA
"From one 44 to another, thanks for finally giving @FLOTUS and generations of hopeful fans a @Cubs championship. https://t.co/RnLyTYF2ub",FALSE,91713,NA,2017-01-17 00:10:24,FALSE,NA,8.211476264228E+017,NA,"<a href=""http://twitter.com/download/iphone"" rel=""nofollow"">Twitter for iPhone</a>",POTUS44,16403,FALSE,FALSE,NA,NA
"In honor of their legacy, @FLOTUS and I are joining Americans across the country in a day of service to our community here in D.C. #MLKDay",FALSE,66155,POTUS44,2017-01-16 19:50:31,FALSE,8.21081947728413E+017,8.21082223910781E+017,1536791610,"<a href=""http://twitter.com/download/iphone"" rel=""nofollow"">Twitter for iPhone</a>",POTUS44,11123,FALSE,FALSE,NA,NA
"Dr. King and those who marched with him proved that people who love their country can change it. As Americans, we all owe them a great deal.",FALSE,211460,NA,2017-01-16 19:49:25,FALSE,NA,8.21081947728413E+017,NA,"<a href=""http://twitter.com/download/iphone"" rel=""nofollow"">Twitter for iPhone</a>",POTUS44,66888,FALSE,FALSE,NA,NA
"That is out of this world. Thanks, @NASA. https://t.co/R8CSjAwt2E",FALSE,174415,NA,2017-01-12 23:57:07,FALSE,NA,8.19694728665006E+017,NA,"<a href=""http://twitter.com/download/iphone"" rel=""nofollow"">Twitter for iPhone</a>",POTUS44,44048,FALSE,FALSE,NA,NA
"Thank you for everything. My last ask is the same as my first. I'm asking you to believe—not in my ability to create change, but in yours.",FALSE,1795877,NA,2017-01-11 04:52:08,FALSE,NA,8.190441963718E+017,NA,"<a href=""http://twitter.com/download/iphone"" rel=""nofollow"">Twitter for iPhone</a>",POTUS44,832849,FALSE,FALSE,NA,NA
It’s been the privilege of my life to serve as your President. I look forward to standing with you as a citizen. Happy New Year everybody.,FALSE,835391,POTUS44,2017-01-01 17:00:55,FALSE,8.15603416089195E+017,8.15603723707658E+017,1536791610,"<a href=""http://twitter.com/download/iphone"" rel=""nofollow"">Twitter for iPhone</a>",POTUS44,250802,FALSE,FALSE,NA,NA
"From realizing marriage equality to removing barriers to opportunity, we've made history in our work to reaffirm that all are created equal.",FALSE,200536,POTUS44,2017-01-01 16:59:42,FALSE,8.156019691549E+017,8.15603416089195E+017,1536791610,"<a href=""http://twitter.com/download/iphone"" rel=""nofollow"">Twitter for iPhone</a>",POTUS44,51821,FALSE,FALSE,NA,NA
We brought home more of our troops &amp; strengthened U.S. leadership—leading with diplomacy &amp; partnering with nations to meet global problems.,FALSE,76061,POTUS44,2017-01-01 16:53:57,FALSE,8.15601640124387E+017,8.156019691549E+017,1536791610,"<a href=""http://twitter.com/download/iphone"" rel=""nofollow"">Twitter for iPhone</a>",POTUS44,17320,FALSE,FALSE,NA,NA
"We traded foreign oil for clean energy, we doubled fuel efficiency standards, &amp; we acted on a global scale to save… https://t.co/U2n4myQUkV",FALSE,65822,POTUS44,2017-01-01 16:52:38,TRUE,8.15601279716225E+017,8.15601640124387E+017,1536791610,"<a href=""http://twitter.com/download/iphone"" rel=""nofollow"">Twitter for iPhone</a>",POTUS44,18609,FALSE,FALSE,NA,NA
"After decades of rising health care costs, today nearly every American now has access to the financial security of… https://t.co/P9VEPIE3Ab",FALSE,58077,POTUS44,2017-01-01 16:51:12,TRUE,8.15600798558208E+017,8.15601279716225E+017,1536791610,"<a href=""http://twitter.com/download/iphone"" rel=""nofollow"">Twitter for iPhone</a>",POTUS44,16885,FALSE,FALSE,NA,NA
"Facing the worst financial crisis in 80 years, you delivered the longest streak of job growth in our history. https://t.co/Vk3PfRgZqF",FALSE,77945,POTUS44,2017-01-01 16:49:18,FALSE,8.15600521688056E+017,8.15600798558208E+017,1536791610,"<a href=""http://twitter.com/download/iphone"" rel=""nofollow"">Twitter for iPhone</a>",POTUS44,25454,FALSE,FALSE,NA,NA
"As we look ahead to the future, I wanted to take a moment to look back on the remarkable progress that you made possible these past 8 years.",FALSE,219035,NA,2017-01-01 16:48:12,FALSE,NA,8.15600521688056E+017,NA,"<a href=""http://twitter.com/download/iphone"" rel=""nofollow"">Twitter for iPhone</a>",POTUS44,48785,FALSE,FALSE,NA,NA
"The best part of the holidays is the time we share with those we love. On behalf of Michelle, Malia, and Sasha, Mer… https://t.co/AOai9bJYlg",FALSE,404120,NA,2016-12-25 16:30:27,TRUE,NA,8.13059340013896E+017,NA,"<a href=""http://twitter.com/download/iphone"" rel=""nofollow"">Twitter for iPhone</a>",POTUS44,106885,FALSE,FALSE,NA,NA
A ban on drilling in Arctic waters helps protect the planet we share. Proud to take this step with @JustinTrudeau &amp;… https://t.co/cDbN6inXRy,FALSE,86453,NA,2016-12-20 21:56:09,TRUE,NA,8.11329368408621E+017,NA,"<a href=""http://twitter.com/download/iphone"" rel=""nofollow"">Twitter for iPhone</a>",POTUS44,26213,FALSE,FALSE,NA,NA
"The Justice for All bill is a bipartisan step in making our criminal justice system fairer, smarter, and more effective. Proud to sign it.",FALSE,36507,NA,2016-12-16 23:13:35,FALSE,NA,8.09899303321866E+017,NA,"<a href=""http://twitter.com/download/iphone"" rel=""nofollow"">Twitter for iPhone</a>",POTUS44,6365,FALSE,FALSE,NA,NA
"The suits said it all – colorful, fun, a little outlandish. That’s what sports should be. Thanks, Craig Sager.  We'll all miss you.",FALSE,50760,NA,2016-12-16 17:00:30,FALSE,NA,8.09805411129946E+017,NA,"<a href=""http://twitter.com/download/iphone"" rel=""nofollow"">Twitter for iPhone</a>",POTUS44,10930,FALSE,FALSE,NA,NA
"In signing the Cures Act into law, we're one step closer to breakthroughs on the greatest health challenges of our… https://t.co/LhyahsK0sJ",FALSE,50305,NA,2016-12-13 22:56:10,TRUE,NA,8.08807755456938E+017,NA,"<a href=""http://twitter.com/#!/download/ipad"" rel=""nofollow"">Twitter for iPad</a>",POTUS44,10984,FALSE,FALSE,NA,NA
Great to see so many investors come together to work towards a clean energy future. It's a smart investment and it'… https://t.co/aqGx2t7QAZ,FALSE,47766,NA,2016-12-13 03:15:49,TRUE,NA,8.08510710770762E+017,NA,"<a href=""http://twitter.com"" rel=""nofollow"">Twitter Web Client</a>",POTUS44,12099,FALSE,FALSE,NA,NA
"Proud of our Champions of Change - folks who prove that, here in America, there's no more powerful role than that o… https://t.co/wbz1YSlUEx",FALSE,48162,NA,2016-12-05 22:46:10,TRUE,NA,8.05906134074847E+017,NA,"<a href=""http://twitter.com/download/iphone"" rel=""nofollow"">Twitter for iPhone</a>",POTUS44,9484,FALSE,FALSE,NA,NA
"Today, we honor those who are leading the fight against HIV/AIDS. Because of them, an AIDS-free generation is now w… https://t.co/yW9uyfbf1x",FALSE,103962,NA,2016-12-01 15:57:15,TRUE,NA,8.04353679050543E+017,NA,"<a href=""http://twitter.com/download/iphone"" rel=""nofollow"">Twitter for iPhone</a>",POTUS44,31287,FALSE,FALSE,NA,NA
"This Thanksgiving, we give thanks for our blessings, and work to fulfill the timeless responsibility we have as Americans to serve others.",FALSE,36102,POTUS44,2016-11-24 18:05:11,FALSE,8.01848753468674E+017,8.01849159800197E+017,1536791610,"<a href=""http://twitter.com/download/iphone"" rel=""nofollow"">Twitter for iPhone</a>",POTUS44,7431,FALSE,FALSE,NA,NA
The Old Soldiers Home in DC has cared for our nation's veterans for 165 years. I was honored to be a small part of… https://t.co/43ttiaLibI,FALSE,99087,NA,2016-11-24 18:03:35,TRUE,NA,8.01848753468674E+017,NA,"<a href=""http://twitter.com/download/iphone"" rel=""nofollow"">Twitter for iPhone</a>",POTUS44,19889,FALSE,FALSE,NA,NA
"Happy birthday, Joe! The best @VP and friend I could have had alongside me these past eight years. https://t.co/kWH3L5uSFC",FALSE,638240,NA,2016-11-20 22:40:00,FALSE,NA,8.0046876593469E+017,NA,"<a href=""http://twitter.com/download/iphone"" rel=""nofollow"">Twitter for iPhone</a>",POTUS44,193188,FALSE,FALSE,NA,NA
One thing I've learned from my time abroad as President: Young people will shape our future long after their leader… https://t.co/bwEltHdPDs,FALSE,88504,NA,2016-11-20 15:17:26,TRUE,NA,8.00357392588407E+017,NA,"<a href=""http://twitter.com/download/iphone"" rel=""nofollow"">Twitter for iPhone</a>",POTUS44,24524,FALSE,FALSE,NA,NA
"Today, we honor those who honored our country with its highest form of service. We owe our veterans our thanks, our respect and our freedom.",FALSE,160799,NA,2016-11-11 17:28:48,FALSE,NA,7.97128959578272E+017,NA,"<a href=""http://twitter.com/download/iphone"" rel=""nofollow"">Twitter for iPhone</a>",POTUS44,48753,FALSE,FALSE,NA,NA
"Today, progress is on the ballot. Go vote - then make sure your friends, your family, and everyone you know votes too.",FALSE,147613,NA,2016-11-08 15:57:29,FALSE,NA,7.96018814072672E+017,NA,"<a href=""http://twitter.com"" rel=""nofollow"">Twitter Web Client</a>",POTUS44,54331,FALSE,FALSE,NA,NA
"It's pretty simple: Find a plan, get covered, earn some peace of mind. Start today: https://t.co/PJ7xIKP3Vo https://t.co/ZBQdNz8s80",FALSE,26990,NA,2016-11-03 23:34:58,FALSE,NA,7.94322003754791E+017,NA,"<a href=""https://studio.twitter.com"" rel=""nofollow"">Twitter Media Studio</a>",POTUS44,6531,FALSE,FALSE,NA,NA
It happened: @Cubs win World Series. That's change even this South Sider can believe in. Want to come to the White House before I leave?,FALSE,268117,NA,2016-11-03 06:03:56,FALSE,NA,7.94057504871346E+017,NA,"<a href=""http://twitter.com/download/iphone"" rel=""nofollow"">Twitter for iPhone</a>",POTUS44,70311,FALSE,FALSE,NA,NA
"I'll say it: Holy Cow, @Cubs fans. Even this White Sox fan was happy to see Wrigley rocking last night. #FlyTheW",FALSE,79331,NA,2016-10-23 17:01:02,FALSE,NA,7.90236602584949E+017,NA,"<a href=""http://twitter.com/download/iphone"" rel=""nofollow"">Twitter for iPhone</a>",POTUS44,19404,FALSE,FALSE,NA,NA
Check out my newest science advisors! These kids are fearless in using science to tackle our toughest problems. Tha… https://t.co/pLBZQWDFin,FALSE,63832,NA,2016-10-21 22:44:03,TRUE,NA,7.89598150541636E+017,NA,"<a href=""http://twitter.com/download/iphone"" rel=""nofollow"">Twitter for iPhone</a>",POTUS44,12975,FALSE,FALSE,NA,NA
Outstanding 3 for 3 debate sweep for @HillaryClinton! Nobody has ever been more prepared to be @POTUS.,FALSE,83971,NA,2016-10-20 13:31:12,FALSE,NA,7.89096632537055E+017,NA,"<a href=""http://twitter.com/download/iphone"" rel=""nofollow"">Twitter for iPhone</a>",POTUS44,20148,FALSE,FALSE,NA,NA
"For the loved ones we've lost and the ones we can still save, thank you Joe for putting us on the path to ending ca… https://t.co/OPPnQIJDl2",FALSE,24101,NA,2016-10-17 19:26:31,TRUE,NA,7.8809888914022E+017,NA,"<a href=""http://twitter.com/#!/download/ipad"" rel=""nofollow"">Twitter for iPad</a>",POTUS44,6241,FALSE,FALSE,NA,NA
"For a century, Planned Parenthood has made it possible for women to determine their own lives. Here's to another #100YearsStrong.",FALSE,102485,NA,2016-10-16 14:30:59,FALSE,NA,7.87662124197831E+017,NA,"<a href=""http://twitter.com/download/iphone"" rel=""nofollow"">Twitter for iPhone</a>",POTUS44,33462,FALSE,FALSE,NA,NA
"Clearly, we still have more to do to prevent sexual assault and the thinking that leads to it. That starts with us: https://t.co/9PRZB451fS",FALSE,43225,NA,2016-10-14 21:46:46,FALSE,NA,7.87047018606785E+017,NA,"<a href=""http://twitter.com/download/iphone"" rel=""nofollow"">Twitter for iPhone</a>",POTUS44,15208,FALSE,FALSE,NA,NA
"Congratulations to one of my favorite poets, Bob Dylan, on a well-deserved Nobel. https://t.co/c9cnANWPCS",FALSE,32125,NA,2016-10-13 16:05:37,FALSE,NA,7.86598777482154E+017,NA,"<a href=""http://twitter.com/#!/download/ipad"" rel=""nofollow"">Twitter for iPad</a>",POTUS44,10980,FALSE,FALSE,NA,NA
"Now this was fun. Artificial intelligence, space travel—hope you enjoy exploring new frontiers as much as I did. https://t.co/WWBUm5eJ08",FALSE,25714,NA,2016-10-12 17:16:09,FALSE,NA,7.86254141182075E+017,NA,"<a href=""http://twitter.com/download/iphone"" rel=""nofollow"">Twitter for iPhone</a>",POTUS44,7358,FALSE,FALSE,NA,NA
"On International #DayoftheGirl, we remain committed to providing what we all want for our daughters: a future of limitless possibility.",FALSE,58896,NA,2016-10-11 16:58:15,FALSE,NA,7.85887247727858E+017,NA,"<a href=""http://twitter.com/#!/download/ipad"" rel=""nofollow"">Twitter for iPad</a>",POTUS44,23747,FALSE,FALSE,NA,NA
"Just like Michelle says, when they go low, we go high. @HillaryClinton went high and showed why she'll be a POTUS for all Americans.",FALSE,96104,NA,2016-10-10 16:06:27,FALSE,NA,7.85511825395765E+017,NA,"<a href=""http://twitter.com/#!/download/ipad"" rel=""nofollow"">Twitter for iPad</a>",POTUS44,25137,FALSE,FALSE,NA,NA
Voted early today. Make sure you vote too: https://t.co/SUUmUADsHj https://t.co/NMesNhwsaG,FALSE,53799,NA,2016-10-07 21:40:44,FALSE,NA,7.84508784316064E+017,NA,"<a href=""http://twitter.com/#!/download/ipad"" rel=""nofollow"">Twitter for iPad</a>",POTUS44,15460,FALSE,FALSE,NA,NA
"Hurricane Matthew is as serious as it gets. Listen to local officials, prepare, take care of each other. https://t.co/Vaf8Xubs0s",FALSE,27010,NA,2016-10-06 23:17:43,FALSE,NA,7.84170804279992E+017,NA,"<a href=""http://twitter.com/download/iphone"" rel=""nofollow"">Twitter for iPhone</a>",POTUS44,10232,FALSE,FALSE,NA,NA
Thank you to every nation that moved to bring the Paris Agreement into force. History will judge today as a turning point for our planet.,FALSE,40384,NA,2016-10-05 20:52:38,FALSE,NA,7.83771904297447E+017,NA,"<a href=""http://twitter.com/download/iphone"" rel=""nofollow"">Twitter for iPhone</a>",POTUS44,10629,FALSE,FALSE,NA,NA
Bringing a little Austin to the South Lawn today. https://t.co/qCXwVI0uLH https://t.co/nTb10I3GHP,FALSE,15886,NA,2016-10-03 15:49:46,FALSE,NA,7.82970909229326E+017,NA,"<a href=""http://twitter.com"" rel=""nofollow"">Twitter Web Client</a>",POTUS44,5121,FALSE,FALSE,NA,NA
What a win by the USA in #RyderCup. Proud to see our guys bring the trophy back home. Arnie is smiling down.,FALSE,20048,NA,2016-10-03 02:00:35,FALSE,NA,7.82762238616728E+017,NA,"<a href=""http://twitter.com"" rel=""nofollow"">Twitter Web Client</a>",POTUS44,3744,FALSE,FALSE,NA,NA
"Gandhiji believed in a world worthy of our children. In joining the Paris Agreement, @narendramodi &amp; the Indian people carry on that legacy.",FALSE,37074,NA,2016-10-02 14:54:48,FALSE,NA,7.82594690738598E+017,NA,"<a href=""http://twitter.com"" rel=""nofollow"">Twitter Web Client</a>",POTUS44,14825,FALSE,FALSE,NA,NA
Paid leave shouldn't be a luxury. It's a basic necessity that we should secure for every working American. https://t.co/OPeQiVPJlK,FALSE,17354,NA,2016-10-01 14:00:36,FALSE,NA,7.82218662228943E+017,NA,"<a href=""http://twitter.com/download/iphone"" rel=""nofollow"">Twitter for iPhone</a>",POTUS44,4995,FALSE,FALSE,NA,NA
"Our Olympians and Paralympians show the world that no matter what, with perseverance, we can do incredible things. Proud of you, #TeamUSA.",FALSE,22387,NA,2016-09-29 23:38:14,FALSE,NA,7.81639251528081E+017,NA,"<a href=""http://twitter.com"" rel=""nofollow"">Twitter Web Client</a>",POTUS44,3908,FALSE,FALSE,NA,NA
Couldn't be more proud of @HillaryClinton. Her vision and command during last night's debate showed that she's ready to be our next @POTUS.,FALSE,93446,NA,2016-09-27 23:04:33,FALSE,NA,7.80906000391864E+017,NA,"<a href=""http://twitter.com"" rel=""nofollow"">Twitter Web Client</a>",POTUS44,23320,FALSE,FALSE,NA,NA
Democracy is not a spectator sport. Don't give up your power to shape the future of the country we love. Vote: https://t.co/sUxB8TLc5r,FALSE,34259,NA,2016-09-27 16:39:35,FALSE,NA,7.80809121314505E+017,NA,"<a href=""http://twitter.com"" rel=""nofollow"">Twitter Web Client</a>",POTUS44,15778,FALSE,FALSE,NA,NA
"Here's to The King who was as extraordinary on the links as he was generous to others. Thanks for the memories, Arn… https://t.co/r4dLQqt45A",FALSE,49836,NA,2016-09-26 03:14:38,TRUE,NA,7.80244157625279E+017,NA,"<a href=""http://twitter.com"" rel=""nofollow"">Twitter Web Client</a>",POTUS44,11425,FALSE,FALSE,NA,NA
Proud to help open @NMAAHC with so many heroes. African American history is a central part of our glorious American history.,FALSE,23619,NA,2016-09-24 14:04:52,FALSE,NA,7.7968302004342E+017,NA,"<a href=""http://twitter.com/download/iphone"" rel=""nofollow"">Twitter for iPhone</a>",POTUS44,7934,FALSE,FALSE,NA,NA
"Sabaidii, Laos! Honored to be the first U.S. president to visit Laos and to begin a new partnership between our countries.",FALSE,27041,NA,2016-09-06 01:30:41,FALSE,NA,7.72970240602837E+017,NA,"<a href=""http://twitter.com/#!/download/ipad"" rel=""nofollow"">Twitter for iPad</a>",POTUS44,5555,FALSE,FALSE,NA,NA
"Happy Labor Day - longest streak of job growth ever, unemployment cut in half. That's what hardworking Americans can do. Let's keep going!",FALSE,55878,NA,2016-09-05 16:57:23,FALSE,NA,7.72841067276333E+017,NA,"<a href=""http://twitter.com/#!/download/ipad"" rel=""nofollow"">Twitter for iPad</a>",POTUS44,15049,FALSE,FALSE,NA,NA
Congrats to NASA and the scientists taking us a step closer to Mars. Now enjoy Hawaii and get a shave ice! https://t.co/lFZjSnn38x,FALSE,20507,NA,2016-08-29 16:28:19,FALSE,NA,7.70297035274584E+017,NA,"<a href=""http://twitter.com"" rel=""nofollow"">Twitter Web Client</a>",POTUS44,5466,FALSE,FALSE,NA,NA
"Congratulations to Maine-Endwell, Little League World Series Champs and still undefeated! Proud of you and the sportsmanship you showed.",FALSE,23664,NA,2016-08-29 00:08:26,FALSE,NA,7.70050438578184E+017,NA,"<a href=""http://twitter.com/download/iphone"" rel=""nofollow"">Twitter for iPhone</a>",POTUS44,4716,FALSE,FALSE,NA,NA
"Nearly 100 years ago, women broke down barriers to the ballot box, moving us closer to a more equal nation. Let's finish what they started.",FALSE,67104,NA,2016-08-26 16:08:26,FALSE,NA,7.69204867235668E+017,NA,"<a href=""http://twitter.com"" rel=""nofollow"">Twitter Web Client</a>",POTUS44,22790,FALSE,FALSE,NA,NA
"100 years and going strong. Thanks @NatlParkService for your service, so our kids enjoy our parks as much as we have https://t.co/1v3W2HLD6f",FALSE,32372,NA,2016-08-25 18:05:02,FALSE,NA,7.68871824885027E+017,NA,"<a href=""https://about.twitter.com/products/tweetdeck"" rel=""nofollow"">TweetDeck</a>",POTUS44,7555,FALSE,FALSE,NA,NA
"Felicitaciones, @JuanManSantos and Colombia. After decades of war, we stand with you in building a future of peace. https://t.co/haXJaqgS9f",FALSE,16767,NA,2016-08-25 15:32:50,FALSE,NA,7.68833523729904E+017,NA,"<a href=""http://twitter.com"" rel=""nofollow"">Twitter Web Client</a>",POTUS44,9473,FALSE,FALSE,NA,NA
"Couldn't be prouder of #TeamUSA. Your determination and passion inspired so many of us. You carried that flag high tonight, @Simone_Biles!",FALSE,74450,NA,2016-08-22 01:07:24,FALSE,NA,7.67528566099702E+017,NA,"<a href=""http://twitter.com/download/iphone"" rel=""nofollow"">Twitter for iPhone</a>",POTUS44,16255,FALSE,FALSE,NA,NA
Final win for Phelps. World record for Ledecky. 3 #1 finishes for Biles. That's how #TeamUSA gets America to 1000 golds-way to make history.,FALSE,70238,NA,2016-08-14 23:06:03,FALSE,NA,7.64961309767131E+017,NA,"<a href=""http://twitter.com/download/iphone"" rel=""nofollow"">Twitter for iPhone</a>",POTUS44,15187,FALSE,FALSE,NA,NA
"Been waiting to drop this: summer playlist, the encore. What's everybody listening to? https://t.co/mqh1YVrycj",FALSE,235615,NA,2016-08-11 14:31:50,FALSE,NA,7.63744742072914E+017,NA,"<a href=""http://twitter.com"" rel=""nofollow"">Twitter Web Client</a>",POTUS44,110504,FALSE,FALSE,NA,NA
The struggle for the Voting Rights Act taught us that people who love this country can change it. Don't give away your power - go vote.,FALSE,46956,NA,2016-08-06 20:59:47,FALSE,NA,7.62030430954684E+017,NA,"<a href=""http://twitter.com/download/iphone"" rel=""nofollow"">Twitter for iPhone</a>",POTUS44,18467,FALSE,FALSE,NA,NA
"Tonight, the first-ever #TeamRefugees will also stand before the world and prove that you can succeed no matter where you're from.",FALSE,40653,POTUS44,2016-08-05 23:22:08,FALSE,7.61703659411345E+017,7.61703867402686E+017,1536791610,"<a href=""http://twitter.com/download/iphone"" rel=""nofollow"">Twitter for iPhone</a>",POTUS44,14345,FALSE,FALSE,NA,NA
Ready to root on #TeamUSA! Our team's unity and diversity makes us so proud - and reminds the world why America sets the gold standard.,FALSE,40557,NA,2016-08-05 23:21:18,FALSE,NA,7.61703659411345E+017,NA,"<a href=""http://twitter.com/download/iphone"" rel=""nofollow"">Twitter for iPhone</a>",POTUS44,10103,FALSE,FALSE,NA,NA
"Longest streak of total job growth on record, wages rising at fastest pace in 7 years. We've come a long way, America—let's keep it going.",FALSE,43014,NA,2016-08-05 19:11:33,FALSE,NA,7.61640808009302E+017,NA,"<a href=""http://twitter.com"" rel=""nofollow"">Twitter Web Client</a>",POTUS44,12086,FALSE,FALSE,NA,NA
"Great speech. She's tested. She's ready. She never quits. That's why Hillary should be our next @POTUS. (She'll get the Twitter handle, too)",FALSE,179676,NA,2016-07-29 03:30:20,FALSE,NA,7.58867227328164E+017,NA,"<a href=""http://twitter.com/download/iphone"" rel=""nofollow"">Twitter for iPhone</a>",POTUS44,58931,FALSE,FALSE,NA,NA
"Incredible speech by an incredible woman. Couldn't be more proud &amp; our country has been blessed to have her as FLOTUS. I love you, Michelle.",FALSE,530018,NA,2016-07-26 02:25:19,FALSE,NA,7.5776370110149E+017,NA,"<a href=""http://twitter.com/download/iphone"" rel=""nofollow"">Twitter for iPhone</a>",POTUS44,163289,FALSE,FALSE,NA,NA
"¡Bienvenido, amigo! We value our enduring partnership with Mexico &amp; will work to strengthen it in the years to come. https://t.co/mjlABSm7jF",FALSE,16166,NA,2016-07-22 19:17:39,FALSE,NA,7.56568912691601E+017,NA,"<a href=""http://twitter.com"" rel=""nofollow"">Twitter Web Client</a>",POTUS44,4255,FALSE,FALSE,NA,NA
"This map says it all. Stay safe as it heats up: Drink water, stay out of the sun, and check on your neighbors. https://t.co/c1qFTmq2IV",FALSE,32545,NA,2016-07-20 16:36:13,FALSE,NA,7.55803507760902E+017,NA,"<a href=""http://twitter.com"" rel=""nofollow"">Twitter Web Client</a>",POTUS44,14871,FALSE,FALSE,NA,NA
44 men came home because Chuck Kettles believed that we leave no man behind. That's America at our best. https://t.co/UymO2AaRHg,FALSE,13949,NA,2016-07-18 14:15:01,FALSE,NA,7.55043199731675E+017,NA,"<a href=""http://twitter.com"" rel=""nofollow"">Twitter Web Client</a>",POTUS44,3567,FALSE,FALSE,NA,NA
"Congrats Carla Hayden, our newest Librarian of Congress! Her confirmation is certainly one for the history books.
https://t.co/5T8rvSRp9e",FALSE,20612,NA,2016-07-14 01:38:58,FALSE,NA,7.53403382744781E+017,NA,"<a href=""http://twitter.com"" rel=""nofollow"">Twitter Web Client</a>",POTUS44,6700,FALSE,FALSE,NA,NA
"Incredible! After a 5-year journey, we're up close and personal with our solar system's largest planet. Welcome to Jupiter, @NASAJuno!",FALSE,38826,NA,2016-07-05 17:21:09,FALSE,NA,7.50379001546416E+017,NA,"<a href=""http://twitter.com/download/iphone"" rel=""nofollow"">Twitter for iPhone</a>",POTUS44,9670,FALSE,FALSE,NA,NA
"Happy Fourth of July, everybody! And to our brave men and women in uniform: On this day and every day, we thank you.",FALSE,49766,NA,2016-07-04 14:00:12,FALSE,NA,7.49966042135294E+017,NA,"<a href=""http://twitter.com/download/iphone"" rel=""nofollow"">Twitter for iPhone</a>",POTUS44,16843,FALSE,FALSE,NA,NA
Elie Wiesel was a great moral voice of our time and a conscience for our world. He was also a dear friend. We will miss him deeply.,FALSE,51632,NA,2016-07-02 23:06:02,FALSE,NA,7.49378629822546E+017,NA,"<a href=""http://twitter.com/download/iphone"" rel=""nofollow"">Twitter for iPhone</a>",POTUS44,18165,FALSE,FALSE,NA,NA
"The list goes on. When Members return, I hope they'll share my commitment to work together to do what must be done. https://t.co/l8nChcXpml",FALSE,8429,POTUS44,2016-06-30 20:58:10,FALSE,7.48621170015076E+017,7.48621673578959E+017,1536791610,"<a href=""http://twitter.com"" rel=""nofollow"">Twitter Web Client</a>",POTUS44,3758,FALSE,FALSE,NA,NA
Americans still need and are asking Congress to pass commonsense gun laws that strengthen background checks and keep our communities safe.,FALSE,8293,POTUS44,2016-06-30 20:56:10,FALSE,7.48620897309757E+017,7.48621170015076E+017,1536791610,"<a href=""http://twitter.com"" rel=""nofollow"">Twitter Web Client</a>",POTUS44,2706,FALSE,FALSE,NA,NA
"After more than 100 days, the Supreme Court still needs its 9th judge, but the Senate GOP refuses to do its job and consider Judge Garland.",FALSE,6511,POTUS44,2016-06-30 20:55:05,FALSE,7.48620582216884E+017,7.48620897309757E+017,1536791610,"<a href=""http://twitter.com"" rel=""nofollow"">Twitter Web Client</a>",POTUS44,2992,FALSE,FALSE,NA,NA
Congress is leaving a hefty to-do list undone. Health officials still need emergency funding to effectively protect Americans from Zika.,FALSE,3638,POTUS44,2016-06-30 20:53:50,FALSE,7.48620388175798E+017,7.48620582216884E+017,1536791610,"<a href=""http://twitter.com"" rel=""nofollow"">Twitter Web Client</a>",POTUS44,1415,FALSE,FALSE,NA,NA
Proud to sign laws to improve transparency and avert a crisis in Puerto Rico. I'd hoped to use my pen more often before Congress left town.,FALSE,13925,NA,2016-06-30 20:53:03,FALSE,NA,7.48620388175798E+017,NA,"<a href=""http://twitter.com"" rel=""nofollow"">Twitter Web Client</a>",POTUS44,3146,FALSE,FALSE,NA,NA
"Until next time, Justin. Good to know that Canada and the world will benefit from your leadership for years to come. https://t.co/T10g64niul",FALSE,29435,NA,2016-06-30 15:38:05,FALSE,NA,7.48541124524929E+017,NA,"<a href=""http://twitter.com"" rel=""nofollow"">Twitter Web Client</a>",POTUS44,8014,FALSE,FALSE,NA,NA
"Women’s opportunities are expanded and our nation is stronger when all of our citizens have accessible, affordable health care.",FALSE,15410,POTUS44,2016-06-27 16:28:29,FALSE,7.4746644534535E+017,7.47466642725057E+017,1536791610,"<a href=""http://twitter.com"" rel=""nofollow"">Twitter Web Client</a>",POTUS44,4124,FALSE,FALSE,NA,NA
Every woman has a constitutional right to make her own reproductive choices. I'm pleased to see the Supreme Court reaffirm that fact today.,FALSE,107532,NA,2016-06-27 16:27:42,FALSE,NA,7.4746644534535E+017,NA,"<a href=""http://twitter.com"" rel=""nofollow"">Twitter Web Client</a>",POTUS44,42569,FALSE,FALSE,NA,NA
Thank you John Lewis for leading on gun violence where we need it most. https://t.co/vctfqAH5Wt,FALSE,53557,NA,2016-06-22 17:45:58,FALSE,NA,7.45674203286774E+017,NA,"<a href=""http://twitter.com"" rel=""nofollow"">Twitter Web Client</a>",POTUS44,23685,FALSE,FALSE,NA,NA
"By giving him its highest rating, the American Bar Association confirms what we all know: Judge Garland should serve on the Supreme Court.",FALSE,20078,NA,2016-06-21 18:47:29,FALSE,NA,7.4532729554457E+017,NA,"<a href=""http://twitter.com/download/iphone"" rel=""nofollow"">Twitter for iPhone</a>",POTUS44,5348,FALSE,FALSE,NA,NA
"Gun violence requires more than moments of silence. It requires action. In failing that test, the Senate failed the American people.",FALSE,115951,NA,2016-06-21 15:11:24,FALSE,NA,7.45272915780743E+017,NA,"<a href=""http://twitter.com/download/iphone"" rel=""nofollow"">Twitter for iPhone</a>",POTUS44,61779,FALSE,FALSE,NA,NA
What a game and what a series for the @Cavs. Happy to see @KingJames bring it home for Cleveland!,FALSE,66779,NA,2016-06-20 03:30:52,FALSE,NA,7.44734234179477E+017,NA,"<a href=""http://twitter.com/download/iphone"" rel=""nofollow"">Twitter for iPhone</a>",POTUS44,32989,FALSE,FALSE,NA,NA
Happy Father's Day to all the dads out there. Glad to be spending this one with my family in Yosemite. https://t.co/SaNJgmoIK1,FALSE,26876,NA,2016-06-19 22:22:49,FALSE,NA,7.44656711596773E+017,NA,"<a href=""http://twitter.com/download/iphone"" rel=""nofollow"">Twitter for iPhone</a>",POTUS44,4770,FALSE,FALSE,NA,NA
"He shook up the world, and the world's better for it. Rest in peace, Champ. https://t.co/z1yM3sSLH3",FALSE,137891,NA,2016-06-04 14:05:32,FALSE,NA,7.39095745584845E+017,NA,"<a href=""http://twitter.com/download/iphone"" rel=""nofollow"">Twitter for iPhone</a>",POTUS44,59894,FALSE,FALSE,NA,NA
We cannot accept our level of gun violence as the new normal. We must take action to prevent this from happening again &amp; again. #WearOrange,FALSE,40721,NA,2016-06-02 15:16:07,FALSE,NA,7.38388734207512E+017,NA,"<a href=""http://twitter.com/download/iphone"" rel=""nofollow"">Twitter for iPhone</a>",POTUS44,17272,FALSE,FALSE,NA,NA
"This Memorial Day, I hope you'll join me in acts of remembrance. The debt we owe our fallen heroes is one we can never truly repay.",FALSE,37730,NA,2016-05-30 13:00:39,FALSE,NA,7.3726747866173E+017,NA,"<a href=""http://twitter.com"" rel=""nofollow"">Twitter Web Client</a>",POTUS44,15385,FALSE,FALSE,NA,NA
"Big night of basketball - @Warriors chasing 73 and a farewell for an
all-timer, @KobeBryant. NBA fans feeling like: https://t.co/hvno2ZO5b0",FALSE,52514,NA,2016-04-14 01:01:34,FALSE,NA,7.20416675196223E+017,NA,"<a href=""http://twitter.com/download/iphone"" rel=""nofollow"">Twitter for iPhone</a>",POTUS44,29782,FALSE,FALSE,NA,NA
Proud to designate the Belmont-Paul national monument for women's equality. Let's keep up their fight with #EqualPay for women today.,FALSE,12330,NA,2016-04-12 14:46:44,FALSE,NA,7.1989955998874E+017,NA,"<a href=""http://twitter.com/download/iphone"" rel=""nofollow"">Twitter for iPhone</a>",POTUS44,4237,FALSE,FALSE,NA,NA
Congrats SpaceX on landing a rocket at sea. It's because of innovators like you &amp; NASA that America continues to lead in space exploration.,FALSE,47221,NA,2016-04-08 23:22:28,FALSE,NA,7.18579793919238E+017,NA,"<a href=""http://twitter.com/download/iphone"" rel=""nofollow"">Twitter for iPhone</a>",POTUS44,16099,FALSE,FALSE,NA,NA
Nobody should have to choose between losing a paycheck &amp; caring for their family. I applaud @NYGovCuomo for taking a big step on paid leave.,FALSE,21237,NA,2016-04-04 16:29:45,FALSE,NA,7.1702637873929E+017,NA,"<a href=""http://twitter.com/download/iphone"" rel=""nofollow"">Twitter for iPhone</a>",POTUS44,6160,FALSE,FALSE,NA,NA
"Thank you for your leadership @RepHalRogers. This epidemic doesn't discriminate between red or blue, so it's up to all of us to do our part.",FALSE,4107,RepHalRogers,2016-03-29 17:45:17,FALSE,7.14844724050309E+017,7.14871062865904E+017,550401754,"<a href=""http://twitter.com/download/iphone"" rel=""nofollow"">Twitter for iPhone</a>",POTUS44,1064,FALSE,FALSE,NA,NA
"From my family to yours, Happy Easter, and we wish everyone celebrating a blessed and joyful day. https://t.co/fNvcihSmYB",FALSE,127927,NA,2016-03-27 13:39:18,FALSE,NA,7.14084384010273E+017,NA,"<a href=""http://twitter.com/download/iphone"" rel=""nofollow"">Twitter for iPhone</a>",POTUS44,32627,FALSE,FALSE,NA,NA
"¿Que bolá Cuba? Just touched down here, looking forward to meeting and hearing directly from the Cuban people.",FALSE,60138,NA,2016-03-20 20:22:45,FALSE,NA,7.11649199243178E+017,NA,"<a href=""http://twitter.com"" rel=""nofollow"">Twitter Web Client</a>",POTUS44,31753,FALSE,FALSE,NA,NA
A great example of how tech can make our democracy stronger. Thanks for answering the call to serve. https://t.co/dFU57cuxo8,FALSE,4766,NA,2016-03-17 22:52:33,FALSE,NA,7.10599731827835E+017,NA,"<a href=""http://twitter.com"" rel=""nofollow"">Twitter Web Client</a>",POTUS44,1419,FALSE,FALSE,NA,NA
Proud to nominate Judge Merrick Garland to the Supreme Court. I ask Senators to meet their constitutional duty and give him a fair hearing.,FALSE,32795,NA,2016-03-16 16:30:31,FALSE,NA,7.10141204755784E+017,NA,"<a href=""http://twitter.com/download/iphone"" rel=""nofollow"">Twitter for iPhone</a>",POTUS44,11271,FALSE,FALSE,NA,NA
"Looking forward to discussing more ways we can modernize government so it's as smart and dynamic as America itself. See you soon, Austin.",FALSE,5402,POTUS44,2016-03-11 17:48:12,FALSE,7.08346933933416E+017,7.08348813858054E+017,1536791610,"<a href=""http://twitter.com"" rel=""nofollow"">Twitter Web Client</a>",POTUS44,1822,FALSE,FALSE,NA,NA
Seniors can now apply for Social Security benefits online: https://t.co/jPEHLkNxfk,FALSE,2961,POTUS44,2016-03-11 17:40:44,FALSE,7.08346091578593E+017,7.08346933933416E+017,1536791610,"<a href=""http://twitter.com"" rel=""nofollow"">Twitter Web Client</a>",POTUS44,1089,FALSE,FALSE,NA,NA
Nearly 1 in 3 American families struggle to afford diapers. We're working with the private sector to help fix this. https://t.co/fxvdOCFeET,FALSE,4150,POTUS44,2016-03-11 17:37:23,FALSE,7.08345011037798E+017,7.08346091578593E+017,1536791610,"<a href=""http://twitter.com"" rel=""nofollow"">Twitter Web Client</a>",POTUS44,1772,FALSE,FALSE,NA,NA
"Immigrants can now apply online to renew their green cards faster, and prep for the citizenship civics test online.",FALSE,4433,POTUS44,2016-03-11 17:33:05,FALSE,7.08344230729556E+017,7.08345011037798E+017,1536791610,"<a href=""http://twitter.com"" rel=""nofollow"">Twitter Web Client</a>",POTUS44,2043,FALSE,FALSE,NA,NA
We've cut the time it takes students to apply for financial aid by two-thirds thanks to a simplified FAFSA form: https://t.co/WDD1UrSXIR,FALSE,3682,POTUS44,2016-03-11 17:29:59,FALSE,7.08343852470436E+017,7.08344230729556E+017,1536791610,"<a href=""http://twitter.com"" rel=""nofollow"">Twitter Web Client</a>",POTUS44,1407,FALSE,FALSE,NA,NA
"At #SXSW, I'll make the case that tech and innovation can make government work better for everyone. Here's how it's working better already:",FALSE,7669,NA,2016-03-11 17:28:29,FALSE,NA,7.08343852470436E+017,NA,"<a href=""http://twitter.com"" rel=""nofollow"">Twitter Web Client</a>",POTUS44,2370,FALSE,FALSE,NA,NA
"Happy #InternationalWomensDay! When women are free to pursue their dreams, nations are more safe, more secure, and more prosperous.",FALSE,35238,NA,2016-03-08 21:54:45,FALSE,NA,7.07323697493705E+017,NA,"<a href=""http://twitter.com"" rel=""nofollow"">Twitter Web Client</a>",POTUS44,18715,FALSE,FALSE,NA,NA
"Welcome back to Earth, @StationCDRKelly! Your year in space is vital to the future of American space travel. Hope gravity isn't a drag!",FALSE,39329,NA,2016-03-02 18:01:28,FALSE,NA,7.05090664086774E+017,NA,"<a href=""http://twitter.com/download/iphone"" rel=""nofollow"">Twitter for iPhone</a>",POTUS44,10980,FALSE,FALSE,NA,NA
Play ball! https://t.co/S4DhVYa4Ef,FALSE,6140,NA,2016-03-02 00:34:29,FALSE,NA,7.04827179167846E+017,NA,"<a href=""http://twitter.com/download/iphone"" rel=""nofollow"">Twitter for iPhone</a>",POTUS44,2170,FALSE,FALSE,NA,NA
"Isiah, I'm so proud of you. Your kindness and willingness to help others is why I'm so hopeful for our future. https://t.co/RakSNxe7rk",FALSE,12452,NA,2016-02-26 23:23:57,FALSE,NA,7.03359876483977E+017,NA,"<a href=""http://twitter.com/download/iphone"" rel=""nofollow"">Twitter for iPhone</a>",POTUS44,4975,FALSE,FALSE,NA,NA
We've made big strides in the fight against Malaria - saving millions of lives. That's American leadership at work. https://t.co/jVdeE4Qktw,FALSE,7061,NA,2016-02-22 20:49:53,FALSE,NA,7.01871557002408E+017,NA,"<a href=""http://twitter.com/download/iphone"" rel=""nofollow"">Twitter for iPhone</a>",POTUS44,2443,FALSE,FALSE,NA,NA
Here's how we're looking at the road ahead: https://t.co/a0KcsmpF39,FALSE,4578,POTUS44,2016-02-18 14:07:58,FALSE,7.00320240022921E+017,7.0032085685819E+017,1536791610,"<a href=""http://twitter.com/download/iphone"" rel=""nofollow"">Twitter for iPhone</a>",POTUS44,1969,FALSE,FALSE,NA,NA
"Next month, I'll travel to Cuba to advance our progress and efforts that can improve the lives of the Cuban people.",FALSE,12366,POTUS44,2016-02-18 14:05:31,FALSE,7.00319754054074E+017,7.00320240022921E+017,1536791610,"<a href=""http://twitter.com/download/iphone"" rel=""nofollow"">Twitter for iPhone</a>",POTUS44,6481,FALSE,FALSE,NA,NA
We still have differences with the Cuban government that I will raise directly. America will always stand for human rights around the world.,FALSE,4861,POTUS44,2016-02-18 14:03:35,FALSE,7.00319236451742E+017,7.00319754054074E+017,1536791610,"<a href=""http://twitter.com/download/iphone"" rel=""nofollow"">Twitter for iPhone</a>",POTUS44,2300,FALSE,FALSE,NA,NA
Our flag flies over our Embassy in Havana once again. More Americans are traveling to Cuba than at any time in the last 50 years.,FALSE,4936,POTUS44,2016-02-18 14:01:31,FALSE,7.00318872147067E+017,7.00319236451742E+017,1536791610,"<a href=""http://twitter.com/download/iphone"" rel=""nofollow"">Twitter for iPhone</a>",POTUS44,2156,FALSE,FALSE,NA,NA
"14 months ago, I announced that we would begin normalizing relations with Cuba - and we've already made significant progress.",FALSE,11409,NA,2016-02-18 14:00:05,FALSE,NA,7.00318872147067E+017,NA,"<a href=""http://twitter.com/download/iphone"" rel=""nofollow"">Twitter for iPhone</a>",POTUS44,3015,FALSE,FALSE,NA,NA
Got a view yesterday of the lands we protected in CA. We owe it to our kids to preserve America's natural beauty. https://t.co/8OR9MrupyG,FALSE,25348,NA,2016-02-13 18:30:11,FALSE,NA,6.98574908247425E+017,NA,"<a href=""http://twitter.com/download/iphone"" rel=""nofollow"">Twitter for iPhone</a>",POTUS44,6730,FALSE,FALSE,NA,NA
Einstein was right! Congrats to @NSF and @LIGO on detecting gravitational waves - a huge breakthrough in how we understand the universe.,FALSE,20126,NA,2016-02-11 23:43:14,FALSE,NA,6.97928913457189E+017,NA,"<a href=""http://twitter.com"" rel=""nofollow"">Twitter Web Client</a>",POTUS44,8597,FALSE,FALSE,NA,NA
"Way to ace your AP Calc test, Landon! You should come drop some knowledge at the White House Science Fair: https://t.co/hFaAgxVdEE",FALSE,5632,NA,2016-02-11 16:48:18,FALSE,NA,6.97824490344968E+017,NA,"<a href=""http://twitter.com"" rel=""nofollow"">Twitter Web Client</a>",POTUS44,1461,FALSE,FALSE,NA,NA
"Just got off the phone with Coach Kubiak. Congrats to Peyton, Von Miller, and that monster @Broncos defense - see you at the White House!",FALSE,15670,NA,2016-02-09 22:30:32,FALSE,NA,6.9718584220969E+017,NA,"<a href=""http://twitter.com"" rel=""nofollow"">Twitter Web Client</a>",POTUS44,5799,FALSE,FALSE,NA,NA
Just got great news - nearly 13 million Americans signed up this round for private health insurance thanks to the Affordable Care Act.,FALSE,14509,NA,2016-02-04 23:00:08,FALSE,NA,6.95381352988848E+017,NA,"<a href=""http://twitter.com"" rel=""nofollow"">Twitter Web Client</a>",POTUS44,3738,FALSE,FALSE,NA,NA
Cedrick; way to go on your perfect score! How about you come by the next White House Science Fair? https://t.co/r8TGIJICh7,FALSE,6737,NA,2016-01-31 17:01:26,FALSE,NA,6.93841529169953E+017,NA,"<a href=""http://twitter.com/download/iphone"" rel=""nofollow"">Twitter for iPhone</a>",POTUS44,1948,FALSE,FALSE,NA,NA
"If you or someone you care about needs affordable health coverage, head over to https://t.co/A3qPizu4p2. Today's the last day to sign up!",FALSE,5531,NA,2016-01-31 15:30:44,FALSE,NA,6.93818704019194E+017,NA,"<a href=""http://twitter.com/download/iphone"" rel=""nofollow"">Twitter for iPhone</a>",POTUS44,3159,FALSE,FALSE,NA,NA
We just took an important step on equal pay. Let's keep at it until every woman &amp; girl gets a fair shot at success: https://t.co/OJAsaK6ImG,FALSE,8272,NA,2016-01-29 17:00:33,FALSE,NA,6.93116531064967E+017,NA,"<a href=""http://twitter.com"" rel=""nofollow"">Twitter Web Client</a>",POTUS44,4229,FALSE,FALSE,NA,NA
The science couldn't be clearer - we owe it to our kids to do everything we can to combat climate change. https://t.co/497Wkkve58,FALSE,25208,NA,2016-01-25 21:33:47,FALSE,NA,6.9173574064905E+017,NA,"<a href=""http://twitter.com/download/iphone"" rel=""nofollow"">Twitter for iPhone</a>",POTUS44,15716,FALSE,FALSE,NA,NA
Seven years ago I bet on American workers and the American auto industry. I’d make that bet again any day of the week.,FALSE,5122,POTUS44,2016-01-20 16:14:33,FALSE,6.89842173999641E+017,6.89843464951886E+017,1536791610,"<a href=""http://twitter.com"" rel=""nofollow"">Twitter Web Client</a>",POTUS44,1699,FALSE,FALSE,NA,NA
Cars and trucks made in the USA are more fuel efficient than ever before – and still the best in the world.,FALSE,3515,POTUS44,2016-01-20 16:09:25,FALSE,6.89841261902098E+017,6.89842173999641E+017,1536791610,"<a href=""http://twitter.com"" rel=""nofollow"">Twitter Web Client</a>",POTUS44,1100,FALSE,FALSE,NA,NA
"American automakers have added more than 640,000 jobs since mid-2009 – the strongest job growth on record. https://t.co/kLruJgpZI1",FALSE,2411,POTUS44,2016-01-20 16:05:48,FALSE,6.89840513852138E+017,6.89841261902098E+017,1536791610,"<a href=""http://twitter.com"" rel=""nofollow"">Twitter Web Client</a>",POTUS44,1218,FALSE,FALSE,NA,NA
"In 2009, auto sales hit a 27-year low. Last year, they hit an all-time high. https://t.co/pDc8W8mtb5",FALSE,3021,POTUS44,2016-01-20 16:02:49,FALSE,6.89840000456794E+017,6.89840513852138E+017,1536791610,"<a href=""http://twitter.com"" rel=""nofollow"">Twitter Web Client</a>",POTUS44,1538,FALSE,FALSE,NA,NA
Headed to the Detroit Auto Show today to showcase how our auto industry has come roaring back from the financial crisis. Here are the stats:,FALSE,7393,NA,2016-01-20 16:00:47,FALSE,NA,6.89840000456794E+017,NA,"<a href=""http://twitter.com"" rel=""nofollow"">Twitter Web Client</a>",POTUS44,1985,FALSE,FALSE,NA,NA
Today we honor a man who challenged us to bend the arc of the moral universe toward justice. Let's keep working to realize Dr. King's dream.,FALSE,47968,NA,2016-01-18 15:03:32,FALSE,NA,6.89100817580868E+017,NA,"<a href=""http://twitter.com/download/iphone"" rel=""nofollow"">Twitter for iPhone</a>",POTUS44,29767,FALSE,FALSE,NA,NA
"Alright everyone, this was a lot of fun. Thanks for the great conversation. i'll be back soon!",FALSE,5852,NA,2016-01-14 18:13:48,FALSE,NA,6.87699148468978E+017,NA,"<a href=""http://twitter.com"" rel=""nofollow"">Twitter Web Client</a>",POTUS44,1121,FALSE,FALSE,NA,NA
places to start - @GabbyGiffords's https://t.co/ATm1M4iMgU and @Everytown,FALSE,1880,POTUS44,2016-01-14 18:12:39,FALSE,6.87698446619312E+017,6.87698858948727E+017,1536791610,"<a href=""http://twitter.com"" rel=""nofollow"">Twitter Web Client</a>",POTUS44,664,FALSE,FALSE,NA,NA
great - we need well-meaning folks from all stripes to get info on how we can respect 2A and reduce gun violence https://t.co/dZ0vRltrZg,FALSE,1975,NA,2016-01-14 18:11:01,FALSE,NA,6.87698446619312E+017,NA,"<a href=""http://twitter.com"" rel=""nofollow"">Twitter Web Client</a>",POTUS44,661,FALSE,FALSE,NA,NA
"the night aca passed; standing on truman balcony with all staff whod made it happen, knowing we'd helped millions. https://t.co/eUr3rZ3UN7",FALSE,4509,NA,2016-01-14 18:08:05,FALSE,NA,6.87697711605273E+017,NA,"<a href=""http://twitter.com"" rel=""nofollow"">Twitter Web Client</a>",POTUS44,1390,FALSE,FALSE,NA,NA
despite court cases like citizens united ill work with orgs/states across US to find new ways 2 reduce $ in politics https://t.co/fuTdewJcyh,FALSE,1679,NA,2016-01-14 18:06:10,FALSE,NA,6.876972288954E+017,NA,"<a href=""http://twitter.com"" rel=""nofollow"">Twitter Web Client</a>",POTUS44,588,FALSE,FALSE,NA,NA
"so we all need to speak out against bias and stereotypes, to protect the freedom of others, and our own as well.",FALSE,4906,POTUS44,2016-01-14 18:01:08,FALSE,6.87695621810033E+017,6.87695962198782E+017,1536791610,"<a href=""http://twitter.com"" rel=""nofollow"">Twitter Web Client</a>",POTUS44,2840,FALSE,FALSE,NA,NA
overwhelming majority of americans understand of diversity and religious pluralism is one of our greatest strengths  https://t.co/AM1JLoA1TI,FALSE,2991,NA,2016-01-14 17:59:47,FALSE,NA,6.87695621810033E+017,NA,"<a href=""http://twitter.com"" rel=""nofollow"">Twitter Web Client</a>",POTUS44,1327,FALSE,FALSE,NA,NA
"health care inflation lowest in decades since ACA passed; problem is more costs passed to workers thru copays, etc. https://t.co/ElBcrjxa6L",FALSE,1511,NA,2016-01-14 17:57:48,FALSE,NA,6.87695122327159E+017,NA,"<a href=""http://twitter.com"" rel=""nofollow"">Twitter Web Client</a>",POTUS44,590,FALSE,FALSE,NA,NA
"love em all, but as a bulls fan got to go with mj. in baton rouge, just met lsu freshman ben simmons - will be great https://t.co/Du1gflVYp4",FALSE,6133,NA,2016-01-14 17:55:54,FALSE,NA,6.87694645090845E+017,NA,"<a href=""http://twitter.com"" rel=""nofollow"">Twitter Web Client</a>",POTUS44,3493,FALSE,FALSE,NA,NA
"new power plant rule reduces biggest source of CO2; now we need to invest in clean energy tech, energy efficiency. https://t.co/gQg3FEHXxo",FALSE,2083,NA,2016-01-14 17:54:23,FALSE,NA,6.87694262226432E+017,NA,"<a href=""http://twitter.com"" rel=""nofollow"">Twitter Web Client</a>",POTUS44,892,FALSE,FALSE,NA,NA
new LA gov edwards just expanded medicaid; gets 1000s coverage &amp; helps the state budget. more states need to follow  https://t.co/08mDX2H4Pt,FALSE,1818,NA,2016-01-14 17:51:30,FALSE,NA,6.87693536204997E+017,NA,"<a href=""http://twitter.com"" rel=""nofollow"">Twitter Web Client</a>",POTUS44,785,FALSE,FALSE,NA,NA
"Expanded pell grants, capped loan repayments at 10% income, but now want to also make 2 yrs community college free. https://t.co/RS9XFDpp9c",FALSE,4868,NA,2016-01-14 17:48:10,FALSE,NA,6.87692698573083E+017,NA,"<a href=""http://twitter.com"" rel=""nofollow"">Twitter Web Client</a>",POTUS44,2749,FALSE,FALSE,NA,NA
"Before I start, wanted to share this. Liberia is now Ebola-free. Great example of what we can achieve when we lead. https://t.co/qjVcwg8tIi",FALSE,6762,NA,2016-01-14 17:45:28,FALSE,NA,6.87692019372708E+017,NA,"<a href=""http://twitter.com/download/iphone"" rel=""nofollow"">Twitter for iPhone</a>",POTUS44,2944,FALSE,FALSE,NA,NA
Hey everyone! Ready to answer your questions here at McKinley High School in Baton Rouge. Let's do this. #AskPOTUS https://t.co/jA1MEbwcxg,FALSE,4902,NA,2016-01-14 17:45:04,FALSE,NA,6.87691919065915E+017,NA,"<a href=""http://twitter.com/download/iphone"" rel=""nofollow"">Twitter for iPhone</a>",POTUS44,1557,FALSE,FALSE,NA,NA
Looking forward to hearing your ideas about what we can accomplish this year &amp; beyond. I'll answer your questions on #AskPOTUS at 12:30p ET.,FALSE,3434,NA,2016-01-14 14:59:24,FALSE,NA,6.87650227558326E+017,NA,"<a href=""http://twitter.com/download/iphone"" rel=""nofollow"">Twitter for iPhone</a>",POTUS44,1262,FALSE,FALSE,NA,NA
"I'm treating this last State of the Union just like my first - because I'm still just as hungry. I hope you tune in, because it's for you.",FALSE,40266,NA,2016-01-13 01:20:19,FALSE,NA,6.87081708886356E+017,NA,"<a href=""http://twitter.com/download/iphone"" rel=""nofollow"">Twitter for iPhone</a>",POTUS44,16540,FALSE,FALSE,NA,NA
"So proud of you, Scott. How long is the delay up there? See you when you get back!  https://t.co/doBpaDeZXq",FALSE,9113,NA,2016-01-12 22:58:38,FALSE,NA,6.87046052822782E+017,NA,"<a href=""http://twitter.com/download/iphone"" rel=""nofollow"">Twitter for iPhone</a>",POTUS44,2327,FALSE,FALSE,NA,NA
"About time, Denis! Welcome. Let me know if you need any pointers. https://t.co/WullueHj28",FALSE,3250,NA,2016-01-06 22:21:03,FALSE,NA,6.84862266978742E+017,NA,"<a href=""http://twitter.com/download/iphone"" rel=""nofollow"">Twitter for iPhone</a>",POTUS44,843,FALSE,FALSE,NA,NA
"The gun lobby may be holding Congress hostage, but they can't hold America hostage. We can't accept this carnage in our communities.",FALSE,22711,POTUS44,2016-01-04 23:46:28,FALSE,6.84157715837403E+017,6.84158987185615E+017,1536791610,"<a href=""http://twitter.com"" rel=""nofollow"">Twitter Web Client</a>",POTUS44,11673,FALSE,FALSE,NA,NA
What's often ignored in this debate is that a majority of gun owners agree with commonsense steps to save lives.,FALSE,11818,POTUS44,2016-01-04 23:41:25,FALSE,6.84156422179787E+017,6.84157715837403E+017,1536791610,"<a href=""http://twitter.com"" rel=""nofollow"">Twitter Web Client</a>",POTUS44,4898,FALSE,FALSE,NA,NA
"We will keep guns out of the wrong hands, enforce our guns laws, and ensure those with serious mental illnesses get treatment.",FALSE,9961,POTUS44,2016-01-04 23:36:16,FALSE,6.84155537433309E+017,6.84156422179787E+017,1536791610,"<a href=""http://twitter.com"" rel=""nofollow"">Twitter Web Client</a>",POTUS44,4916,FALSE,FALSE,NA,NA
"Tomorrow, I'm taking action to reduce gun violence and save lives - protecting the Second Amendment and our kids. https://t.co/vNqXEhaC9M",FALSE,14018,POTUS44,2016-01-04 23:32:45,FALSE,6.84154637436371E+017,6.84155537433309E+017,1536791610,"<a href=""http://twitter.com"" rel=""nofollow"">Twitter Web Client</a>",POTUS44,8216,FALSE,FALSE,NA,NA
"Guns now kill as many people as cars in almost half of the U.S. We can't stop every act of violence, but we can save lives if we act.",FALSE,9206,POTUS44,2016-01-04 23:29:11,FALSE,6.84153926636016E+017,6.84154637436371E+017,1536791610,"<a href=""http://twitter.com"" rel=""nofollow"">Twitter Web Client</a>",POTUS44,5737,FALSE,FALSE,NA,NA
"Each year, more than 30,000 American lives are cut short by guns - two-thirds coming from suicides. Too many Americans have lost loved ones.",FALSE,17135,NA,2016-01-04 23:26:21,FALSE,NA,6.84153926636016E+017,NA,"<a href=""http://twitter.com"" rel=""nofollow"">Twitter Web Client</a>",POTUS44,8356,FALSE,FALSE,NA,NA
"From the Obama family to yours, Merry Christmas! And a special thank you to all our men and women in uniform this holiday season.",FALSE,28978,NA,2015-12-25 19:04:41,FALSE,NA,6.80464195993911E+017,NA,"<a href=""http://twitter.com/download/iphone"" rel=""nofollow"">Twitter for iPhone</a>",POTUS44,7572,FALSE,FALSE,NA,NA
I'm proud of the @NBA for taking a stand against gun violence. Sympathy for victims isn't enough – change requires all of us speaking up.,FALSE,15885,NA,2015-12-23 21:21:01,FALSE,NA,6.79773729749078E+017,NA,"<a href=""http://twitter.com/download/iphone"" rel=""nofollow"">Twitter for iPhone</a>",POTUS44,6703,FALSE,FALSE,NA,NA
Zaevion Dobson died saving three friends from getting shot. He was a hero at 15. What's our excuse for not acting? https://t.co/hn98uGsjKZ,FALSE,21928,NA,2015-12-20 19:22:11,FALSE,NA,6.78656661024858E+017,NA,"<a href=""http://twitter.com/download/iphone"" rel=""nofollow"">Twitter for iPhone</a>",POTUS44,15823,FALSE,FALSE,NA,NA
"Congrats on a great career, Abby Wambach. For the goals you’ve scored &amp; the kids you’ve inspired, you’re the GOAT! https://t.co/Kud56ChsBO",FALSE,27580,NA,2015-12-16 20:24:12,FALSE,NA,6.77222716303364E+017,NA,"<a href=""http://twitter.com"" rel=""nofollow"">Twitter Web Client</a>",POTUS44,12109,FALSE,FALSE,NA,NA
"The strong Paris agreement on climate means a safer, more secure world for our kids. A perfect example of what American leadership can do.",FALSE,11355,NA,2015-12-12 22:58:54,FALSE,NA,6.75812094902714E+017,NA,"<a href=""http://twitter.com/download/iphone"" rel=""nofollow"">Twitter for iPhone</a>",POTUS44,4337,FALSE,FALSE,NA,NA
The opioid epidemic is destroying lives. We need to put treatment within reach of anyone who needs it. https://t.co/RJfKkield9,FALSE,3987,NA,2015-12-10 21:21:21,FALSE,NA,6.75062773307589E+017,NA,"<a href=""http://twitter.com/download/iphone"" rel=""nofollow"">Twitter for iPhone</a>",POTUS44,2184,FALSE,FALSE,NA,NA
"Herzlichen Glückwunsch to my friend and Time's Person of the Year, Angela Merkel! Thanks for your moral leadership and strong partnership.",FALSE,7953,NA,2015-12-09 23:42:45,FALSE,NA,6.74735966830117E+017,NA,"<a href=""http://twitter.com/download/iphone"" rel=""nofollow"">Twitter for iPhone</a>",POTUS44,2733,FALSE,FALSE,NA,NA
"150 years since the abolition of slavery, a turning point in our history. Progress - that's our story.",FALSE,13163,NA,2015-12-09 16:03:33,FALSE,NA,6.74620408642085E+017,NA,"<a href=""http://twitter.com/download/iphone"" rel=""nofollow"">Twitter for iPhone</a>",POTUS44,5478,FALSE,FALSE,NA,NA
"Addressing climate change takes all of us, especially the private sector going all-in on clean energy worldwide. https://t.co/qQ6wCZUR1Z",FALSE,7326,NA,2015-11-30 16:31:40,FALSE,NA,6.71365993399255E+017,NA,"<a href=""http://twitter.com/download/iphone"" rel=""nofollow"">Twitter for iPhone</a>",POTUS44,3735,FALSE,FALSE,NA,NA
Good news: the world now adds more clean power capacity each year than dirtier fossil-fuel based power capacity. https://t.co/nrNiwDAKuN,FALSE,7783,NA,2015-11-29 22:31:55,FALSE,NA,6.71094262826705E+017,NA,"<a href=""http://twitter.com/download/iphone"" rel=""nofollow"">Twitter for iPhone</a>",POTUS44,4550,FALSE,FALSE,NA,NA
Enjoyed stopping by Upshur Street Books today. Celebrate Small Business Saturday by supporting a business near you. https://t.co/udTcIhxtOC,FALSE,7406,NA,2015-11-28 23:24:25,FALSE,NA,6.70745089975722E+017,NA,"<a href=""http://twitter.com/download/iphone"" rel=""nofollow"">Twitter for iPhone</a>",POTUS44,2094,FALSE,FALSE,NA,NA
"Happy Thanksgiving, everyone! Today, we give thanks for all of our loved ones and the brave men and women in uniform who serve our country.",FALSE,20684,NA,2015-11-26 17:01:27,FALSE,NA,6.69923936574923E+017,NA,"<a href=""http://twitter.com/download/iphone"" rel=""nofollow"">Twitter for iPhone</a>",POTUS44,7292,FALSE,FALSE,NA,NA
Slamming the door in the face of refugees would betray our deepest values. That's not who we are. And it's not what we're going to do.,FALSE,62213,POTUS44,2015-11-18 16:49:20,FALSE,6.67021076094976E+017,6.6702178472677E+017,1536791610,"<a href=""http://twitter.com/download/iphone"" rel=""nofollow"">Twitter for iPhone</a>",POTUS44,43393,FALSE,FALSE,NA,NA
Welcoming the world’s vulnerable who seek the safety of America is not new to us. We've safely welcomed 3 million refugees since 1975.,FALSE,16937,POTUS44,2015-11-18 16:46:31,FALSE,6.67020445066097E+017,6.67021076094976E+017,1536791610,"<a href=""http://twitter.com/download/iphone"" rel=""nofollow"">Twitter for iPhone</a>",POTUS44,9198,FALSE,FALSE,NA,NA
"Here, our focus is giving safe haven to the most vulnerable Syrians – women, children, and survivors of torture.",FALSE,8945,POTUS44,2015-11-18 16:44:01,FALSE,6.67019888234529E+017,6.67020445066097E+017,1536791610,"<a href=""http://twitter.com/download/iphone"" rel=""nofollow"">Twitter for iPhone</a>",POTUS44,4958,FALSE,FALSE,NA,NA
"We will provide refuge to at least 10,000 refugees fleeing violence in Syria over the next year after they pass the highest security checks.",FALSE,11713,POTUS44,2015-11-18 16:41:48,FALSE,6.67019384225997E+017,6.67019888234529E+017,1536791610,"<a href=""http://twitter.com/download/iphone"" rel=""nofollow"">Twitter for iPhone</a>",POTUS44,6720,FALSE,FALSE,NA,NA
We also win this fight with our values. America can ensure our own security while welcoming refugees desperately seeking safety from ISIL.,FALSE,7615,POTUS44,2015-11-18 16:39:48,FALSE,6.67018696137773E+017,6.67019384225997E+017,1536791610,"<a href=""http://twitter.com/download/iphone"" rel=""nofollow"">Twitter for iPhone</a>",POTUS44,4138,FALSE,FALSE,NA,NA
"Protecting the American people is my top priority. With our 65 global partners, we're leading the campaign to degrade and destroy ISIL.",FALSE,13815,NA,2015-11-18 16:37:04,FALSE,NA,6.67018696137773E+017,NA,"<a href=""http://twitter.com/download/iphone"" rel=""nofollow"">Twitter for iPhone</a>",POTUS44,5731,FALSE,FALSE,NA,NA
"This is an American hero: Capt. Groberg put it all on the line for his team. On his worst day, he gave us his best. https://t.co/WdWAPswJpE",FALSE,12208,NA,2015-11-12 17:13:00,FALSE,NA,6.64853410135614E+017,NA,"<a href=""http://twitter.com/download/iphone"" rel=""nofollow"">Twitter for iPhone</a>",POTUS44,3934,FALSE,FALSE,NA,NA
"Today, we honor the incredible men and women who have served our country. Their sacrifice and selflessness is second to none.",FALSE,16894,NA,2015-11-11 15:35:20,FALSE,NA,6.64466446102217E+017,NA,"<a href=""http://twitter.com/download/iphone"" rel=""nofollow"">Twitter for iPhone</a>",POTUS44,9525,FALSE,FALSE,NA,NA
I just launched my Facebook page with a video on climate change. America will lead on this. The time to act is now. https://t.co/WG5y1FbhIA,FALSE,6413,NA,2015-11-09 20:20:51,FALSE,NA,6.63813521289953E+017,NA,"<a href=""http://twitter.com/download/iphone"" rel=""nofollow"">Twitter for iPhone</a>",POTUS44,2876,FALSE,FALSE,NA,NA
"Every American deserves quality, affordable health care. If you or a friend needs coverage, go to https://t.co/PJ7xIL6FjY and sign up now.",FALSE,5264,NA,2015-11-01 17:10:25,FALSE,NA,6.60866496474833E+017,NA,"<a href=""http://twitter.com/download/iphone"" rel=""nofollow"">Twitter for iPhone</a>",POTUS44,2765,FALSE,FALSE,NA,NA
Who knew community policing could involve the Nae Nae? Great example of police having fun while keeping us safe: https://t.co/ZGeTDm6OYw,FALSE,7366,NA,2015-10-29 16:55:03,FALSE,NA,6.59775465352249E+017,NA,"<a href=""http://twitter.com/download/iphone"" rel=""nofollow"">Twitter for iPhone</a>",POTUS44,4490,FALSE,FALSE,NA,NA
Good to be home for a night. Even better to see the @chicagobulls start the season off right! #SeeRed,FALSE,17694,NA,2015-10-28 02:35:38,FALSE,NA,6.59196797701763E+017,NA,"<a href=""http://twitter.com/download/iphone"" rel=""nofollow"">Twitter for iPhone</a>",POTUS44,9230,FALSE,FALSE,NA,NA
Our thoughts are with the Mexican people as they brace for Hurricane Patricia. USAID disaster experts are on the ground and ready to help.,FALSE,22926,NA,2015-10-23 19:33:37,FALSE,NA,6.57641041361818E+017,NA,"<a href=""http://twitter.com/#!/download/ipad"" rel=""nofollow"">Twitter for iPad</a>",POTUS44,18202,FALSE,FALSE,NA,NA
"Happy Back to the Future Day, @RealMikeFox! Ever think about the fact that we live in the future we dreamed of then? That's heavy, man.",FALSE,32571,NA,2015-10-21 20:13:50,FALSE,NA,6.56926385882186E+017,NA,"<a href=""http://twitter.com/download/iphone"" rel=""nofollow"">Twitter for iPhone</a>",POTUS44,18042,FALSE,FALSE,NA,NA
So I'm eager to hear from folks in Charleston today on actions we can take to put recovery within reach for anyone who needs it.,FALSE,2432,POTUS44,2015-10-21 18:05:18,FALSE,6.56893143015526E+017,6.56894040319791E+017,1536791610,"<a href=""http://twitter.com"" rel=""nofollow"">Twitter Web Client</a>",POTUS44,937,FALSE,FALSE,NA,NA
Congrats @Cubs - even @whitesox fans are rooting for you!,FALSE,17781,NA,2015-10-14 00:39:33,FALSE,NA,6.54094154176315E+017,NA,"<a href=""http://twitter.com/download/iphone"" rel=""nofollow"">Twitter for iPhone</a>",POTUS44,9065,FALSE,FALSE,NA,NA
"Thanks, Zack. https://t.co/gOGzWmYdxQ",FALSE,13631,NA,2015-10-02 00:52:38,FALSE,NA,6.49748792099623E+017,NA,"<a href=""http://twitter.com/download/iphone"" rel=""nofollow"">Twitter for iPhone</a>",POTUS44,9562,FALSE,FALSE,NA,NA
We have a moral responsibility to do what we can for families forced from their homes. Find out how you can help at http://t.co/J8A6mTD6D4.,FALSE,4511,POTUS44,2015-09-28 17:05:17,FALSE,6.48543480277545E+017,6.48544017806938E+017,1536791610,"<a href=""http://twitter.com/download/iphone"" rel=""nofollow"">Twitter for iPhone</a>",POTUS44,2442,FALSE,FALSE,NA,NA
But this isn't just about what I can do as President. Every single one of us - from citizens to NGOs - can help refugees find safe haven.,FALSE,3709,POTUS44,2015-09-28 17:03:09,FALSE,6.48543139196744E+017,6.48543480277545E+017,1536791610,"<a href=""http://twitter.com/download/iphone"" rel=""nofollow"">Twitter for iPhone</a>",POTUS44,1613,FALSE,FALSE,NA,NA
"We're also increasing the number of Syrian and other refugees we admit to the U.S. to 100,000 per year for the next two years.",FALSE,4260,POTUS44,2015-09-28 17:01:48,FALSE,6.48542721125294E+017,6.48543139196744E+017,1536791610,"<a href=""http://twitter.com/download/iphone"" rel=""nofollow"">Twitter for iPhone</a>",POTUS44,4822,FALSE,FALSE,NA,NA
We've provided more than $4.5 billion in humanitarian aid to help meet the needs of those impacted by the Syrian conflict.,FALSE,2347,POTUS44,2015-09-28 17:00:08,FALSE,6.48542324167975E+017,6.48542721125294E+017,1536791610,"<a href=""http://twitter.com/download/iphone"" rel=""nofollow"">Twitter for iPhone</a>",POTUS44,1217,FALSE,FALSE,NA,NA
"Nearly 12 million people have been displaced by the conflict in Syria. As Americans, we can't sit idly by. That's not who we are.",FALSE,7842,NA,2015-09-28 16:58:34,FALSE,NA,6.48542324167975E+017,NA,"<a href=""http://twitter.com/download/iphone"" rel=""nofollow"">Twitter for iPhone</a>",POTUS44,3759,FALSE,FALSE,NA,NA
I'm grateful for the teachers who helped spark my sense of curiosity. The #62MillionGirls who aren't in school should have that same chance.,FALSE,13861,NA,2015-09-26 23:15:51,FALSE,NA,6.47912497450607E+017,NA,"<a href=""http://twitter.com/download/iphone"" rel=""nofollow"">Twitter for iPhone</a>",POTUS44,7681,FALSE,FALSE,NA,NA
"Yogi Berra was an American original - a Hall of Famer, jovial prophet, &amp; a humble veteran. We'll miss you, Yogi, but your legacy ain't over.",FALSE,10795,NA,2015-09-23 20:42:08,FALSE,NA,6.46786649251164E+017,NA,"<a href=""http://twitter.com/download/iphone"" rel=""nofollow"">Twitter for iPhone</a>",POTUS44,4762,FALSE,FALSE,NA,NA
"Welcome to the White House, @Pontifex! Your messages of love, hope, and peace have inspired us all.",FALSE,13925,NA,2015-09-23 12:45:23,FALSE,NA,6.46666671864853E+017,NA,"<a href=""http://twitter.com/download/iphone"" rel=""nofollow"">Twitter for iPhone</a>",POTUS44,6618,FALSE,FALSE,NA,NA
Millions of families are more secure thanks to the ACA. Join them and #GetCovered on Nov 1: http://t.co/PJ7xIL6FjY  https://t.co/GF6yS0aHol,FALSE,1856,NA,2015-09-22 18:27:13,FALSE,NA,6.46390309551776E+017,NA,"<a href=""http://twitter.com/download/iphone"" rel=""nofollow"">Twitter for iPhone</a>",POTUS44,968,FALSE,FALSE,NA,NA
Our right to vote is sacred. It's the foundation of our democracy. You can find out how to register to vote at http://t.co/8kaqY0U3fn.,FALSE,5172,NA,2015-09-22 15:52:10,FALSE,NA,6.46351288964354E+017,NA,"<a href=""http://twitter.com/download/iphone"" rel=""nofollow"">Twitter for iPhone</a>",POTUS44,3769,FALSE,FALSE,NA,NA
"Cool clock, Ahmed. Want to bring it to the White House? We should inspire more kids like you to like science. It's what makes America great.",FALSE,414510,NA,2015-09-16 16:58:54,FALSE,NA,6.44193755814343E+017,NA,"<a href=""http://twitter.com/download/iphone"" rel=""nofollow"">Twitter for iPhone</a>",POTUS44,376060,FALSE,FALSE,NA,NA
We've fought back because of you. We shouldn't slip back because of Congress. I urge them to send me a budget that invests in our future.,FALSE,7177,POTUS44,2015-09-15 20:36:39,FALSE,6.43885400847594E+017,6.43886166769406E+017,1536791610,"<a href=""http://twitter.com"" rel=""nofollow"">Twitter Web Client</a>",POTUS44,2694,FALSE,FALSE,NA,NA
"When I took office, the budget deficit had reached 9.2% of our GDP. We've cut that down to 2.8%. http://t.co/3viaw4b0bB",FALSE,10266,POTUS44,2015-09-15 20:33:37,FALSE,6.438846802536E+017,6.43885400847594E+017,1536791610,"<a href=""http://twitter.com"" rel=""nofollow"">Twitter Web Client</a>",POTUS44,6409,FALSE,FALSE,NA,NA
"When I took office, 15.4% of our population was uninsured. Today, we’ve cut that by more than a third. http://t.co/3OOqcz8Oxp",FALSE,5232,POTUS44,2015-09-15 20:30:45,FALSE,6.43883952093073E+017,6.438846802536E+017,1536791610,"<a href=""http://twitter.com"" rel=""nofollow"">Twitter Web Client</a>",POTUS44,3501,FALSE,FALSE,NA,NA
"In 2009, our auto industry was flatlining. Now our workers are on pace to sell more American cars and trucks than any year since 2001.",FALSE,3856,POTUS44,2015-09-15 20:27:51,FALSE,6.43883096689914E+017,6.43883952093073E+017,1536791610,"<a href=""http://twitter.com"" rel=""nofollow"">Twitter Web Client</a>",POTUS44,2500,FALSE,FALSE,NA,NA
We've cut the unemployment rate in half – from a high of 10% down to 5.1%. And we're not done. http://t.co/uRfaSoiGuA,FALSE,6570,POTUS44,2015-09-15 20:24:27,FALSE,6.43882408283087E+017,6.43883096689914E+017,1536791610,"<a href=""http://twitter.com"" rel=""nofollow"">Twitter Web Client</a>",POTUS44,5004,FALSE,FALSE,NA,NA
"When I took office, 800,000 Americans lost their jobs each month. Our businesses have now added 13.1 million jobs over 66 straight months.",FALSE,7267,POTUS44,2015-09-15 20:21:43,FALSE,6.43882148315951E+017,6.43882408283087E+017,1536791610,"<a href=""http://twitter.com"" rel=""nofollow"">Twitter Web Client</a>",POTUS44,5400,FALSE,FALSE,NA,NA
"7 years ago today, Lehman Brothers filed for bankruptcy, setting off the worst financial crisis in decades. Here's how far we've come:",FALSE,5528,NA,2015-09-15 20:20:41,FALSE,NA,6.43882148315951E+017,NA,"<a href=""http://twitter.com"" rel=""nofollow"">Twitter Web Client</a>",POTUS44,2980,FALSE,FALSE,NA,NA
"""@FAFSA"" might be hard to say, but filling it out can help you pay for college. FLOTUS, you're up! #5TimesFAFSA http://t.co/y1Jv8aeGUH",FALSE,5113,NA,2015-09-14 15:06:10,FALSE,NA,6.43440607721992E+017,NA,"<a href=""http://twitter.com"" rel=""nofollow"">Twitter Web Client</a>",POTUS44,2641,FALSE,FALSE,NA,NA
"14 years after the terrorist attacks of 9/11, we honor those we lost. We salute all who serve to keep us safe. We stand as strong as ever.",FALSE,46032,NA,2015-09-11 13:24:05,FALSE,NA,6.42327755221299E+017,NA,"<a href=""http://twitter.com/download/iphone"" rel=""nofollow"">Twitter for iPhone</a>",POTUS44,37238,FALSE,FALSE,NA,NA
Today's Senate vote on the Iran deal is a historic step toward preventing Iran from obtaining a nuclear weapon. The world is safer for it.,FALSE,7056,NA,2015-09-10 21:15:51,FALSE,NA,6.42084092113256E+017,NA,"<a href=""http://twitter.com/download/iphone"" rel=""nofollow"">Twitter for iPhone</a>",POTUS44,2803,FALSE,FALSE,NA,NA
"Thank you, Colin, for putting your experience and expertise behind this important initiative for our country. https://t.co/bSnaLMs8CU",FALSE,4978,NA,2015-09-06 16:45:57,FALSE,NA,6.40566616925819E+017,NA,"<a href=""http://twitter.com/download/iphone"" rel=""nofollow"">Twitter for iPhone</a>",POTUS44,2527,FALSE,FALSE,NA,NA
I loved Alaska and met so many inspiring people. Have to keep up the fight on climate change for their sake—and ours. http://t.co/HzWW0S6iQc,FALSE,21407,NA,2015-09-03 18:42:44,FALSE,NA,6.39508843773469E+017,NA,"<a href=""http://twitter.com"" rel=""nofollow"">Twitter Web Client</a>",POTUS44,8483,FALSE,FALSE,NA,NA
"Today we’re returning Mount McKinley to its native name - Denali, a step to reflect the heritage of Alaska Natives. http://t.co/WyzQImKymX",FALSE,28173,NA,2015-08-31 17:31:01,FALSE,NA,6.38403631306248E+017,NA,"<a href=""http://twitter.com"" rel=""nofollow"">Twitter Web Client</a>",POTUS44,13424,FALSE,FALSE,NA,NA
"In Treme, I was inspired by the progress &amp; people 10 years after Katrina. It gives us hope, but our work isn't done. http://t.co/LDqsARhnZt",FALSE,7302,NA,2015-08-29 21:09:18,FALSE,NA,6.37733790090199E+017,NA,"<a href=""http://twitter.com/download/iphone"" rel=""nofollow"">Twitter for iPhone</a>",POTUS44,2513,FALSE,FALSE,NA,NA
"Amidst global volatility, Congress should protect the momentum of our growing economy (not kill it). We must avoid shutdown / austerity.",FALSE,3638,NA,2015-08-27 15:27:51,FALSE,NA,6.3692308481826E+017,NA,"<a href=""http://twitter.com/download/iphone"" rel=""nofollow"">Twitter for iPhone</a>",POTUS44,1485,FALSE,FALSE,NA,NA
The National Park Service: 99 years and 84 million acres strong. Congrats to all who work to protect these treasures. http://t.co/R8RyB9vkVW,FALSE,13418,NA,2015-08-25 17:55:38,FALSE,NA,6.36235501658223E+017,NA,"<a href=""http://twitter.com"" rel=""nofollow"">Twitter Web Client</a>",POTUS44,5460,FALSE,FALSE,NA,NA
"President Carter is as good a man as they come. Michelle and I are praying for him and Rosalynn. We're all pulling for you, Jimmy.",FALSE,15839,NA,2015-08-20 17:14:53,FALSE,NA,6.34413305516413E+017,NA,"<a href=""http://twitter.com/download/iphone"" rel=""nofollow"">Twitter for iPhone</a>",POTUS44,5913,FALSE,FALSE,NA,NA
"Due to popular request, here are my vacation playlists: http://t.co/uer5sIl4Vk http://t.co/zHEekHvQBr What's your favorite summer song?",FALSE,13273,NA,2015-08-14 15:30:35,FALSE,NA,6.3221273020901E+017,NA,"<a href=""http://twitter.com/download/iphone"" rel=""nofollow"">Twitter for iPhone</a>",POTUS44,7769,FALSE,FALSE,NA,NA
Thank you for all you've done to protect our sacred right to vote. It's as important today as it's ever been. https://t.co/ge74wu5nc1,FALSE,4123,NA,2015-08-06 17:30:29,FALSE,NA,6.29343799299412E+017,NA,"<a href=""http://twitter.com/download/iphone"" rel=""nofollow"">Twitter for iPhone</a>",POTUS44,1742,FALSE,FALSE,NA,NA
"Heroes like @RepJohnLewis, Dr. King, and countless others sacrificed so that all of our voices could be heard. http://t.co/L7kxtWQlYW",FALSE,8828,POTUS44,2015-08-06 17:26:02,FALSE,6.29342056876503E+017,6.2934268196205E+017,1536791610,"<a href=""http://twitter.com/download/iphone"" rel=""nofollow"">Twitter for iPhone</a>",POTUS44,4796,FALSE,FALSE,NA,NA
"Before 1965, African Americans faced poll taxes, literacy tests, or having to count jellybeans in a jar when they tried to register to vote.",FALSE,6953,POTUS44,2015-08-06 17:23:33,FALSE,6.29341526439653E+017,6.29342056876503E+017,1536791610,"<a href=""http://twitter.com/download/iphone"" rel=""nofollow"">Twitter for iPhone</a>",POTUS44,4724,FALSE,FALSE,NA,NA
"50 years ago today, President Johnson signed the Voting Rights Act into law, securing the right to vote for millions of African Americans.",FALSE,11964,NA,2015-08-06 17:21:27,FALSE,NA,6.29341526439653E+017,NA,"<a href=""http://twitter.com/download/iphone"" rel=""nofollow"">Twitter for iPhone</a>",POTUS44,6620,FALSE,FALSE,NA,NA
Pretty incredible time lapse of the dark side of the moon passing Earth from @NASA. American ingenuity at work! http://t.co/JKep9bcxGQ,FALSE,11508,NA,2015-08-05 23:01:41,FALSE,NA,6.29064761188184E+017,NA,"<a href=""http://twitter.com/download/iphone"" rel=""nofollow"">Twitter for iPhone</a>",POTUS44,7105,FALSE,FALSE,NA,NA
Important detail – there are no secret deals. My staff can brief you on any question about any part of the deal. https://t.co/UO0B5xCOPh,FALSE,5507,NA,2015-08-05 20:46:43,FALSE,NA,6.29030795299148E+017,NA,"<a href=""http://twitter.com/download/iphone"" rel=""nofollow"">Twitter for iPhone</a>",POTUS44,2599,FALSE,FALSE,NA,NA
The choice is ultimately between diplomacy and war. Iran's nuclear program accelerates if Congress kills this deal. https://t.co/nvBeO1Omko,FALSE,3291,NA,2015-08-05 20:45:23,FALSE,NA,6.29030461449339E+017,NA,"<a href=""http://twitter.com/download/iphone"" rel=""nofollow"">Twitter for iPhone</a>",POTUS44,1743,FALSE,FALSE,NA,NA
"It's the strongest nuclear deal ever negotiated. There's no such thing as a ""better deal."" Walking away risks war. https://t.co/la7GhQXfzl",FALSE,3480,NA,2015-08-05 20:36:48,FALSE,NA,6.29028301454094E+017,NA,"<a href=""http://twitter.com/download/iphone"" rel=""nofollow"">Twitter for iPhone</a>",POTUS44,1855,FALSE,FALSE,NA,NA
I refuse to condemn our kids to a planet that's beyond fixing. Let's meet this challenge and #ActOnClimate together.,FALSE,14811,POTUS44,2015-08-03 19:29:02,FALSE,6.28285077970154E+017,6.28286472781754E+017,1536791610,"<a href=""http://twitter.com/download/iphone"" rel=""nofollow"">Twitter for iPhone</a>",POTUS44,8180,FALSE,FALSE,NA,NA
"Despite what the critics will tell you, this plan will ultimately save the average American family nearly $85 a year on their energy bills.",FALSE,6012,POTUS44,2015-08-03 19:23:30,FALSE,6.28283831104238E+017,6.28285077970154E+017,1536791610,"<a href=""http://twitter.com/download/iphone"" rel=""nofollow"">Twitter for iPhone</a>",POTUS44,2290,FALSE,FALSE,NA,NA
"Thanks to this plan, there will be 90,000 fewer asthma attacks among our kids and we'll avoid 3,600 premature deaths in 2030.",FALSE,4817,POTUS44,2015-08-03 19:18:32,FALSE,6.28283044772868E+017,6.28283831104238E+017,1536791610,"<a href=""http://twitter.com/download/iphone"" rel=""nofollow"">Twitter for iPhone</a>",POTUS44,2460,FALSE,FALSE,NA,NA
"It's time to change that. With the Clean Power Plan, by 2030, carbon pollution from power plants will be 32% lower than it was a decade ago.",FALSE,4556,POTUS44,2015-08-03 19:15:25,FALSE,6.2828217487E+017,6.28283044772868E+017,1536791610,"<a href=""http://twitter.com/download/iphone"" rel=""nofollow"">Twitter for iPhone</a>",POTUS44,2833,FALSE,FALSE,NA,NA
"Right now, power plants account for about one-third of America’s carbon pollution. That’s more than our cars, airplanes, and homes combined.",FALSE,3369,POTUS44,2015-08-03 19:11:58,FALSE,6.28280902817305E+017,6.2828217487E+017,1536791610,"<a href=""http://twitter.com/download/iphone"" rel=""nofollow"">Twitter for iPhone</a>",POTUS44,2359,FALSE,FALSE,NA,NA
"Levels of carbon dioxide in our atmosphere are higher than they’ve been in 800,000 years. 2014 was the planet’s warmest year on record.",FALSE,4445,POTUS44,2015-08-03 19:06:54,FALSE,6.2828071001772E+017,6.28280902817305E+017,1536791610,"<a href=""http://twitter.com/download/iphone"" rel=""nofollow"">Twitter for iPhone</a>",POTUS44,3786,FALSE,FALSE,NA,NA
"Today, we're announcing America's Clean Power Plan—the most important step we've ever taken to combat climate change. Here are the facts:",FALSE,11532,NA,2015-08-03 19:06:08,FALSE,NA,6.2828071001772E+017,NA,"<a href=""http://twitter.com/download/iphone"" rel=""nofollow"">Twitter for iPhone</a>",POTUS44,5040,FALSE,FALSE,NA,NA
"Hey @StationCDRKelly, loving the photos. Do you ever look out the window and just freak out?",FALSE,11083,NA,2015-08-01 19:25:04,FALSE,NA,6.27560699347255E+017,NA,"<a href=""http://twitter.com/download/iphone"" rel=""nofollow"">Twitter for iPhone</a>",POTUS44,3682,FALSE,FALSE,NA,NA
"Launching a pilot program to help students in prison pay for college, because everyone willing to work for it deserves a second chance.",FALSE,18221,NA,2015-07-31 20:15:39,FALSE,NA,6.27211041466941E+017,NA,"<a href=""http://twitter.com/download/iphone"" rel=""nofollow"">Twitter for iPhone</a>",POTUS44,7556,FALSE,FALSE,NA,NA
"Happy 50th birthday, Medicare and Medicaid! Two programs, one promise: that every American deserves a basic measure of dignity and security.",FALSE,7802,NA,2015-07-30 16:39:56,FALSE,NA,6.26794365869011E+017,NA,"<a href=""http://twitter.com/download/iphone"" rel=""nofollow"">Twitter for iPhone</a>",POTUS44,3200,FALSE,FALSE,NA,NA
"25 years of the ADA and Americans with disabilities are breaking more barriers than ever, making all of us more free. Let's keep going.",FALSE,6313,NA,2015-07-26 21:05:59,FALSE,NA,6.25411767414444E+017,NA,"<a href=""http://twitter.com/download/iphone"" rel=""nofollow"">Twitter for iPhone</a>",POTUS44,2837,FALSE,FALSE,NA,NA
"Proud to be the first American President to visit Kenya. Happy to see family, and to talk with young Kenyans about the future.",FALSE,30339,NA,2015-07-24 21:25:42,FALSE,NA,6.24691954224366E+017,NA,"<a href=""http://twitter.com/download/iphone"" rel=""nofollow"">Twitter for iPhone</a>",POTUS44,18168,FALSE,FALSE,NA,NA
"E.L. Doctorow was one of America's greatest novelists. His books taught me much, and he will be missed.",FALSE,3946,NA,2015-07-22 01:13:00,FALSE,NA,6.23661992952377E+017,NA,"<a href=""http://twitter.com/download/iphone"" rel=""nofollow"">Twitter for iPhone</a>",POTUS44,1728,FALSE,FALSE,NA,NA
Just got this new blue marble photo from @NASA. A beautiful reminder that we need to protect the only planet we have. http://t.co/JQ3174P0LF,FALSE,32081,NA,2015-07-20 14:27:08,FALSE,NA,6.23137065341952E+017,NA,"<a href=""http://twitter.com/download/iphone"" rel=""nofollow"">Twitter for iPhone</a>",POTUS44,19571,FALSE,FALSE,NA,NA
Had a great visit today with Emma Didlake - our oldest living veteran at 110-years-young! She's a true American hero. http://t.co/EeeIC3AK4A,FALSE,17067,NA,2015-07-17 20:54:55,FALSE,NA,6.22147491862028E+017,NA,"<a href=""http://twitter.com/download/iphone"" rel=""nofollow"">Twitter for iPhone</a>",POTUS44,5581,FALSE,FALSE,NA,NA
Congrats to Oregon on passing two years of free community college! Every hardworking student deserves access to higher education.,FALSE,38086,NA,2015-07-17 17:10:33,FALSE,NA,6.22091025541136E+017,NA,"<a href=""http://twitter.com/download/iphone"" rel=""nofollow"">Twitter for iPhone</a>",POTUS44,22079,FALSE,FALSE,NA,NA
Pluto just had its first visitor! Thanks @NASA - it's a great day for discovery and American leadership. http://t.co/FfztBSMbK0,FALSE,35918,NA,2015-07-15 01:46:43,FALSE,NA,6.21133763385426E+017,NA,"<a href=""http://twitter.com/download/iphone"" rel=""nofollow"">Twitter for iPhone</a>",POTUS44,18516,FALSE,FALSE,NA,NA
Good conversation with Tom Friedman on the deal we reached with Iran. It's a major step toward a safer world.  https://t.co/xwSrH9IoFG,FALSE,2953,NA,2015-07-15 00:57:51,FALSE,NA,6.21121462649397E+017,NA,"<a href=""http://twitter.com/download/iphone"" rel=""nofollow"">Twitter for iPhone</a>",POTUS44,1331,FALSE,FALSE,NA,NA
Mass incarceration doesn't work. Let's build communities that give kids a shot at success and prisons that prepare people for a 2nd chance.,FALSE,29546,POTUS44,2015-07-14 22:47:13,FALSE,6.21087343253058E+017,6.21088588583801E+017,1536791610,"<a href=""http://twitter.com/download/iphone"" rel=""nofollow"">Twitter for iPhone</a>",POTUS44,24150,FALSE,FALSE,NA,NA
We could eliminate tuition at every public college and university in America with the $80 billion we spend each year on incarcerations.,FALSE,81463,POTUS44,2015-07-14 22:42:16,FALSE,6.21086198254146E+017,6.21087343253058E+017,1536791610,"<a href=""http://twitter.com/download/iphone"" rel=""nofollow"">Twitter for iPhone</a>",POTUS44,91582,FALSE,FALSE,NA,NA
The $80 billion we spend each year on incarcerations could double the salary of every high school teacher in America.,FALSE,18491,POTUS44,2015-07-14 22:37:43,FALSE,6.21085397007888E+017,6.21086198254146E+017,1536791610,"<a href=""http://twitter.com/download/iphone"" rel=""nofollow"">Twitter for iPhone</a>",POTUS44,18790,FALSE,FALSE,NA,NA
The $80 billion we spend each year to keep people incarcerated could pay for universal pre-K for every 3-year-old and 4-year-old in America.,FALSE,12877,POTUS44,2015-07-14 22:34:32,FALSE,6.21084469970215E+017,6.21085397007888E+017,1536791610,"<a href=""http://twitter.com/download/iphone"" rel=""nofollow"">Twitter for iPhone</a>",POTUS44,13580,FALSE,FALSE,NA,NA
"In 1980, there were 500,000 people in American jails. Today, there are 2.2 million. Many belong. But too many are nonviolent offenders.",FALSE,11668,POTUS44,2015-07-14 22:30:51,FALSE,6.21083313063764E+017,6.21084469970215E+017,1536791610,"<a href=""http://twitter.com/download/iphone"" rel=""nofollow"">Twitter for iPhone</a>",POTUS44,11058,FALSE,FALSE,NA,NA
America keeps more people behind bars than the top 35 European countries combined.,FALSE,9386,POTUS44,2015-07-14 22:26:15,FALSE,6.21081946236563E+017,6.21083313063764E+017,1536791610,"<a href=""http://twitter.com/download/iphone"" rel=""nofollow"">Twitter for iPhone</a>",POTUS44,10499,FALSE,FALSE,NA,NA
"America is home to 5% of the world's population, but 25% of the world's prisoners.",FALSE,11386,POTUS44,2015-07-14 22:20:49,FALSE,6.21081548029346E+017,6.21081946236563E+017,1536791610,"<a href=""http://twitter.com/download/iphone"" rel=""nofollow"">Twitter for iPhone</a>",POTUS44,12727,FALSE,FALSE,NA,NA
"Just spoke to the NAACP about criminal justice reform, something many broadly agree on. Some stats:",FALSE,5592,NA,2015-07-14 22:19:14,FALSE,NA,6.21081548029346E+017,NA,"<a href=""http://twitter.com/download/iphone"" rel=""nofollow"">Twitter for iPhone</a>",POTUS44,2663,FALSE,FALSE,NA,NA
"South Carolina taking down the confederate flag - a signal of good will and healing, and a meaningful step towards a better future.",FALSE,30385,NA,2015-07-10 14:12:50,FALSE,NA,6.19509587272692E+017,NA,"<a href=""http://twitter.com/#!/download/ipad"" rel=""nofollow"">Twitter for iPad</a>",POTUS44,18443,FALSE,FALSE,NA,NA
What a win for Team USA! Great game @CarliLloyd! Your country is so proud of all of you. Come visit the White House with the World Cup soon.,FALSE,54029,NA,2015-07-06 01:01:08,FALSE,NA,6.17860799953011E+017,NA,"<a href=""http://twitter.com/download/iphone"" rel=""nofollow"">Twitter for iPhone</a>",POTUS44,25851,FALSE,FALSE,NA,NA
http://t.co/Ft3DwYWRJv,FALSE,23036,POTUS44,2015-07-05 03:57:06,FALSE,6.17430014422843E+017,6.17542692952764E+017,1536791610,"<a href=""http://twitter.com/download/iphone"" rel=""nofollow"">Twitter for iPhone</a>",POTUS44,4990,FALSE,FALSE,NA,NA
"It doesn't get much better than celebrating America with the people you love. Happy Fourth of July, everyone!",FALSE,27486,NA,2015-07-04 20:29:21,FALSE,NA,6.17430014422843E+017,NA,"<a href=""http://twitter.com/download/iphone"" rel=""nofollow"">Twitter for iPhone</a>",POTUS44,8670,FALSE,FALSE,NA,NA
It's not mine; just a loaner. Maybe you can come play at the White House sometime instead?  https://t.co/srZKB6plzz,FALSE,29205,NA,2015-07-02 03:02:33,FALSE,NA,6.16441802023961E+017,NA,"<a href=""http://twitter.com/download/iphone"" rel=""nofollow"">Twitter for iPhone</a>",POTUS44,12002,FALSE,FALSE,NA,NA
"Gotta go, but this was fun. Let's keep the health care conversation going - share how the #ACAWorks for you or your family.",FALSE,4842,NA,2015-07-01 20:21:36,FALSE,NA,6.16340901351264E+017,NA,"<a href=""http://twitter.com/download/iphone"" rel=""nofollow"">Twitter for iPhone</a>",POTUS44,860,FALSE,FALSE,NA,NA
butler's a great player on o and d; let's sign him up long term. go bulls! https://t.co/IqbyUmcbmJ,FALSE,5031,NA,2015-07-01 20:17:54,FALSE,NA,6.16339969125302E+017,NA,"<a href=""http://twitter.com"" rel=""nofollow"">Twitter Web Client</a>",POTUS44,3330,FALSE,FALSE,NA,NA
"people lack info/turned off by political noise. w court case done, let's focus on getting people signed up. https://t.co/vFCDgMXSE9",FALSE,2375,NA,2015-07-01 20:16:58,FALSE,NA,6.16339733132804E+017,NA,"<a href=""http://twitter.com"" rel=""nofollow"">Twitter Web Client</a>",POTUS44,804,FALSE,FALSE,NA,NA
pushing to make 2 yrs comm college free; permit refinancing on student loans; push colleges to keep tuition low https://t.co/dTbTNDQSII,FALSE,14361,NA,2015-07-01 20:13:47,FALSE,NA,6.1633893396267E+017,NA,"<a href=""http://twitter.com"" rel=""nofollow"">Twitter Web Client</a>",POTUS44,9762,FALSE,FALSE,NA,NA
"respect the nyt, but not buying peas in guac. onions, garlic, hot peppers. classic. https://t.co/MEEI8QHH1V",FALSE,20160,NA,2015-07-01 20:12:10,FALSE,NA,6.16338528138609E+017,NA,"<a href=""http://twitter.com"" rel=""nofollow"">Twitter Web Client</a>",POTUS44,14023,FALSE,FALSE,NA,NA
was listening to outkast/liberation and the black keys/lonely boy this morning. https://t.co/1DP6CRdwlm,FALSE,34748,NA,2015-07-01 20:10:09,FALSE,NA,6.16338019843461E+017,NA,"<a href=""http://twitter.com"" rel=""nofollow"">Twitter Web Client</a>",POTUS44,21460,FALSE,FALSE,NA,NA
there's a hardship exemption; fine only applies to folks who can afford insurance but choose not to. https://t.co/XWFEKbZCaT,FALSE,2478,NA,2015-07-01 20:08:51,FALSE,NA,6.163376925829E+017,NA,"<a href=""http://twitter.com"" rel=""nofollow"">Twitter Web Client</a>",POTUS44,1058,FALSE,FALSE,NA,NA
"have principles and issues you are passionate about, and act; worry more about doing something than being something. https://t.co/QqbgflhXDY",FALSE,6989,NA,2015-07-01 20:06:28,FALSE,NA,6.16337090767405E+017,NA,"<a href=""http://twitter.com"" rel=""nofollow"">Twitter Web Client</a>",POTUS44,3492,FALSE,FALSE,NA,NA
EX-IM bank helps US companies export; that means good paying american jobs. optimistic that congress gets it done. https://t.co/UeBhgiL64B,FALSE,789,NA,2015-07-01 20:05:05,FALSE,NA,6.16336742854078E+017,NA,"<a href=""http://twitter.com"" rel=""nofollow"">Twitter Web Client</a>",POTUS44,339,FALSE,FALSE,NA,NA
now's time to encourage states that held off for political reasons to do the right thing; contact state officials! https://t.co/QqUY3S9MoC,FALSE,1293,NA,2015-07-01 20:02:53,FALSE,NA,6.16336192443916E+017,NA,"<a href=""http://twitter.com"" rel=""nofollow"">Twitter Web Client</a>",POTUS44,554,FALSE,FALSE,NA,NA
congratulations! hope you guys are getting sleep. nothing beats babies! https://t.co/ymGM0HARad,FALSE,3778,NA,2015-07-01 20:00:55,FALSE,NA,6.163356949282E+017,NA,"<a href=""http://twitter.com"" rel=""nofollow"">Twitter Web Client</a>",POTUS44,702,FALSE,FALSE,NA,NA
"not true - like last year, insurers request premium hikes, but must be approved; expect final increases to be less   https://t.co/WfJI2AOLkP",FALSE,1157,NA,2015-07-01 19:59:32,FALSE,NA,6.16335347174232E+017,NA,"<a href=""http://twitter.com"" rel=""nofollow"">Twitter Web Client</a>",POTUS44,493,FALSE,FALSE,NA,NA
we need to encourage states to take advantage of medicaid expansion; could insure 4 mil more people in 22 states! https://t.co/S9RlkVB1An,FALSE,1571,NA,2015-07-01 19:55:46,FALSE,NA,6.16334401157378E+017,NA,"<a href=""http://twitter.com"" rel=""nofollow"">Twitter Web Client</a>",POTUS44,732,FALSE,FALSE,NA,NA
"Alright, let's do this. Ready to answer your health care questions. Keep 'em coming with #AskPOTUS. http://t.co/wK8RDF2H0i",FALSE,6884,NA,2015-07-01 19:55:12,FALSE,NA,6.16334258697859E+017,NA,"<a href=""http://twitter.com/download/iphone"" rel=""nofollow"">Twitter for iPhone</a>",POTUS44,2104,FALSE,FALSE,NA,NA
Inspired by what @Pontifex wrote on climate change. Agree we have a moral responsibility to act to protect our kids and God's creation.,FALSE,9202,NA,2015-06-18 23:20:59,FALSE,NA,6.11675003436843E+017,NA,"<a href=""http://twitter.com/#!/download/ipad"" rel=""nofollow"">Twitter for iPad</a>",POTUS44,4584,FALSE,FALSE,NA,NA
Thrilled to formally recognize @LorettaLynch as the people's lawyer. You'll have no better partner in the fight for equality and justice.,FALSE,4467,NA,2015-06-17 17:44:38,FALSE,NA,6.11227969030328E+017,NA,"<a href=""http://twitter.com/download/iphone"" rel=""nofollow"">Twitter for iPhone</a>",POTUS44,1662,FALSE,FALSE,NA,NA
What a team win for the Warriors and an epic season for Steph. Kudos to LeBron and the Cavs for an unbelievable effort under adversity.,FALSE,26465,NA,2015-06-17 04:23:31,FALSE,NA,6.11026361491325E+017,NA,"<a href=""http://twitter.com/download/iphone"" rel=""nofollow"">Twitter for iPhone</a>",POTUS44,15522,FALSE,FALSE,NA,NA
Congrats to my hometown @NHLBlackhawks on 3 titles in 6 years - we'll see you and The Cup at the White House!,FALSE,15675,NA,2015-06-16 14:43:36,FALSE,NA,6.10820023968514E+017,NA,"<a href=""http://twitter.com/download/iphone"" rel=""nofollow"">Twitter for iPhone</a>",POTUS44,6439,FALSE,FALSE,NA,NA
So proud of these White House mentorship grads. Can't wait to see all the great things you achieve. I believe in you! http://t.co/ao6k8ErjHI,FALSE,8852,NA,2015-06-15 19:57:04,FALSE,NA,6.10536520387269E+017,NA,"<a href=""http://twitter.com/download/iphone"" rel=""nofollow"">Twitter for iPhone</a>",POTUS44,3743,FALSE,FALSE,NA,NA
I challenged them to a race. http://t.co/FpEUTnYgoD,FALSE,26407,NA,2015-06-12 01:01:29,FALSE,NA,6.09163576616616E+017,NA,"<a href=""http://twitter.com/download/iphone"" rel=""nofollow"">Twitter for iPhone</a>",POTUS44,9043,FALSE,FALSE,NA,NA
This was a fun briefing: My science advisor just showed me this Hubble shot of the most crowded place in our galaxy. http://t.co/E2SeO9tumt,FALSE,33426,NA,2015-06-03 22:31:54,FALSE,NA,6.06226830241047E+017,NA,"<a href=""http://twitter.com"" rel=""nofollow"">Twitter Web Client</a>",POTUS44,15438,FALSE,FALSE,NA,NA
Glad the Senate finally passed the USA Freedom Act. It protects civil liberties and our national security. I'll sign it as soon as I get it.,FALSE,10237,NA,2015-06-02 21:01:19,FALSE,NA,6.05841647193031E+017,NA,"<a href=""http://twitter.com/download/iphone"" rel=""nofollow"">Twitter for iPhone</a>",POTUS44,3391,FALSE,FALSE,NA,NA
Awarded two Medals of Honor today for acts of bravery a century ago. We honor our heroes no matter how long it takes. http://t.co/AYazTecZpB,FALSE,9437,NA,2015-06-02 18:28:56,FALSE,NA,6.05803300093452E+017,NA,"<a href=""http://twitter.com"" rel=""nofollow"">Twitter Web Client</a>",POTUS44,2603,FALSE,FALSE,NA,NA
"Thanks for the questions! This was fun. I've got to run, but let’s do it again soon. Tell me what you're doing to #ActOnClimate.",FALSE,6199,NA,2015-05-28 17:29:26,FALSE,NA,6.03976385044972E+017,NA,"<a href=""http://twitter.com"" rel=""nofollow"">Twitter Web Client</a>",POTUS44,1395,FALSE,FALSE,NA,NA
.@apat246 @chicagobulls love thibs and think he did a great job. Sorry to see him go but expect he will be snatched up soon by another team.,FALSE,3904,apat246,2015-05-28 17:29:05,FALSE,6.03962271732216E+017,6.03976299246322E+017,390825318,"<a href=""http://twitter.com/download/iphone"" rel=""nofollow"">Twitter for iPhone</a>",POTUS44,2714,FALSE,FALSE,NA,NA
.@ZCarlander agreement with China big and will be working w Brazil to develop their plans. We will all need to do more with US leading,FALSE,1569,ZCarlander,2015-05-28 17:27:20,FALSE,6.03968816289292E+017,6.03975856466199E+017,1322284950,"<a href=""http://twitter.com/download/iphone"" rel=""nofollow"">Twitter for iPhone</a>",POTUS44,499,FALSE,FALSE,NA,NA
".@arianastover Kids instinctively understand importance of environment, impact on animals, health. Weave it into science and social studies",FALSE,3246,arianastover,2015-05-28 17:24:59,FALSE,6.03960787011543E+017,6.0397526742238E+017,37115355,"<a href=""http://twitter.com/download/iphone"" rel=""nofollow"">Twitter for iPhone</a>",POTUS44,1165,FALSE,FALSE,NA,NA
".@HtetWint renewable energy key, already increased solar 10x and wind 3x, now need to invest more in r&amp;d and provide regulatory incentives",FALSE,2129,TedAWint,2015-05-28 17:22:28,FALSE,6.03972023216312E+017,6.03974634510234E+017,629103290,"<a href=""http://twitter.com/download/iphone"" rel=""nofollow"">Twitter for iPhone</a>",POTUS44,829,FALSE,FALSE,NA,NA
. @Jamesthe4tress Already expanded Pell Grants and capped student loan interest rates; now want to make 2 yrs of community college free.,FALSE,4478,jamesthe4tress,2015-05-28 17:18:40,FALSE,6.03961385710526E+017,6.0397367697594E+017,312459288,"<a href=""http://twitter.com"" rel=""nofollow"">Twitter Web Client</a>",POTUS44,1759,FALSE,FALSE,NA,NA
"@HLF3267 In fact new trade deal with have the strongest enforceable environmental provisions in history, raising standards across Asia.",FALSE,612,HLF3267,2015-05-28 17:16:29,FALSE,6.03961258912653E+017,6.03973127383581E+017,2295625259,"<a href=""http://twitter.com"" rel=""nofollow"">Twitter Web Client</a>",POTUS44,242,FALSE,FALSE,NA,NA
".@ZCarlander more severe weather events lead to displacement, scarcity, stressed populations; all increase likelihood of global conflict.",FALSE,2139,ZCarlander,2015-05-28 17:15:41,FALSE,6.03960838026822E+017,6.03972926287708E+017,1322284950,"<a href=""http://twitter.com/download/iphone"" rel=""nofollow"">Twitter for iPhone</a>",POTUS44,888,FALSE,FALSE,NA,NA
.@NathenVieira jr smith having a great season but the heart of the Cavs is Lebron. And no one can outshoot Curry - maybe Korver if wide open,FALSE,7247,NathenVieira,2015-05-28 17:11:48,FALSE,6.03960256067195E+017,6.03971948180177E+017,162090984,"<a href=""http://twitter.com/download/iphone"" rel=""nofollow"">Twitter for iPhone</a>",POTUS44,5966,FALSE,FALSE,NA,NA
"@.gkermmm 2/ after I sign agreement, Congress will have months of debate before a vote. Nothing secret about it.",FALSE,1406,NA,2015-05-28 17:08:53,FALSE,NA,6.03971215372362E+017,NA,"<a href=""http://twitter.com/download/iphone"" rel=""nofollow"">Twitter for iPhone</a>",POTUS44,466,FALSE,FALSE,NA,NA
.@gkermmm 1/ TPP is still being negotiated! But legislation requires the full text for 60 days before I sign.,FALSE,1117,gkermmm,2015-05-28 17:08:04,FALSE,6.03959975652692E+017,6.03971008328958E+017,465076617,"<a href=""http://twitter.com/download/iphone"" rel=""nofollow"">Twitter for iPhone</a>",POTUS44,403,FALSE,FALSE,NA,NA
.@drock89 as @Pontifex and other religious leaders have stated we have a moral obligation to the most vulnerable and the next generation.,FALSE,1939,drock89,2015-05-28 17:05:44,FALSE,6.03959452337771E+017,6.0397042263629E+017,28640463,"<a href=""http://twitter.com/download/iphone"" rel=""nofollow"">Twitter for iPhone</a>",POTUS44,811,FALSE,FALSE,NA,NA
.@BigBennyFL 3/ already rejected Shell's original proposal as inadequate which shows we're serious.,FALSE,1446,BigBennyFL,2015-05-28 17:04:00,FALSE,6.03959664385065E+017,6.03969986730709E+017,1007173664,"<a href=""http://twitter.com/download/iphone"" rel=""nofollow"">Twitter for iPhone</a>",POTUS44,415,FALSE,FALSE,NA,NA
.@BigBennyFL 2/ But since we can't prevent oil exploration completely in region we're setting the highest possible standards,FALSE,1289,BigBennyFL,2015-05-28 17:02:56,FALSE,6.03959664385065E+017,6.03969716261036E+017,1007173664,"<a href=""http://twitter.com/download/iphone"" rel=""nofollow"">Twitter for iPhone</a>",POTUS44,418,FALSE,FALSE,NA,NA
"@BigBennyFL 1/ We've shut off drilling in the most sensitive arctic areas, including Bristol Bay.",FALSE,664,BigBennyFL,2015-05-28 16:59:36,FALSE,6.03959664385065E+017,6.03968878058676E+017,1007173664,"<a href=""http://twitter.com/download/iphone"" rel=""nofollow"">Twitter for iPhone</a>",POTUS44,243,FALSE,FALSE,NA,NA
.@calebmegajew the science is overwhelming but what will move Congress will be public opinion. Your voices will make them open to facts.,FALSE,3048,calebmegajew,2015-05-28 16:56:22,FALSE,6.03959889497559E+017,6.03968065240314E+017,360324412,"<a href=""http://twitter.com/download/iphone"" rel=""nofollow"">Twitter for iPhone</a>",POTUS44,1166,FALSE,FALSE,NA,NA
Ready to answer your questions on climate change. Let's do this! #AskPOTUS http://t.co/5KrIb5jL6S,FALSE,6785,NA,2015-05-28 16:48:24,FALSE,NA,6.03966058462974E+017,NA,"<a href=""http://twitter.com/download/iphone"" rel=""nofollow"">Twitter for iPhone</a>",POTUS44,2933,FALSE,FALSE,NA,NA
Just got a hurricane preparedness briefing in Miami. Acting on climate change is critical. Got climate Qs? I'll answer at 1pm ET. #AskPOTUS,FALSE,4210,NA,2015-05-28 16:21:21,FALSE,NA,6.03959253334823E+017,NA,"<a href=""http://twitter.com/download/iphone"" rel=""nofollow"">Twitter for iPhone</a>",POTUS44,1817,FALSE,FALSE,NA,NA
Spent the morning at Arlington. Take time today to honor our fallen heroes. We're forever indebted to their families. http://t.co/hChhhOVCS3,FALSE,21622,NA,2015-05-25 16:45:21,FALSE,NA,6.02878130362147E+017,NA,"<a href=""http://twitter.com/download/iphone"" rel=""nofollow"">Twitter for iPhone</a>",POTUS44,8304,FALSE,FALSE,NA,NA
.@DrFahmida tell your niece I really like her letter. Couldn't agree more!,FALSE,14264,DrFahmida,2015-05-22 20:19:17,FALSE,6.01808287529456E+017,6.01844801672258E+017,211171360,"<a href=""http://twitter.com/download/iphone"" rel=""nofollow"">Twitter for iPhone</a>",POTUS44,4197,FALSE,FALSE,NA,NA
".@rebsteve really enjoyed stopping by today. I had fun singing Shabbat Shalom with the PreK class downstairs, too! http://t.co/6b8CrXSgMt",FALSE,7100,rebsteve,2015-05-22 20:06:44,FALSE,6.01770783443124E+017,6.01841646020465E+017,43697249,"<a href=""http://twitter.com/download/iphone"" rel=""nofollow"">Twitter for iPhone</a>",POTUS44,2616,FALSE,FALSE,NA,NA
An honor to address the Coast Guard class of 2015. Confident they'll help us meet big challenges like climate change. http://t.co/1z4fteA1YJ,FALSE,18113,NA,2015-05-20 17:51:35,FALSE,NA,6.01082858497831E+017,NA,"<a href=""http://twitter.com/download/iphone"" rel=""nofollow"">Twitter for iPhone</a>",POTUS44,4597,FALSE,FALSE,NA,NA
"Good question, @billclinton. The handle comes with the house. Know anyone interested in @FLOTUS?",FALSE,99546,BillClinton,2015-05-18 21:07:29,FALSE,6.00389785769882E+017,6.00407380279566E+017,1330457336,"<a href=""http://twitter.com/download/iphone"" rel=""nofollow"">Twitter for iPhone</a>",POTUS44,53707,FALSE,FALSE,NA,NA
"In Camden today, seeing first-hand how smart policing is making the community safer while building trust. http://t.co/3MiWk43c8g",FALSE,27332,NA,2015-05-18 19:51:30,FALSE,NA,6.00388258665787E+017,NA,"<a href=""http://twitter.com/download/iphone"" rel=""nofollow"">Twitter for iPhone</a>",POTUS44,8723,FALSE,FALSE,NA,NA
"Hello, Twitter! It's Barack. Really! Six years in, they're finally giving me my own account.",FALSE,419333,NA,2015-05-18 15:38:52,FALSE,NA,6.00324682190053E+017,NA,"<a href=""http://twitter.com/download/iphone"" rel=""nofollow"">Twitter for iPhone</a>",POTUS44,271350,FALSE,FALSE,NA,NA
