Birth.Place,Death.Place,birthlon,birthlat,deathlon,deathlat,Name,Field,birth.year,death.year,res.start,res.end
Travancore,Chennai,76.9167,8.43333,80.27,13.0839,P._J._Antony,Theatre,1925,1979,1965,1979
Visakhapatnam,Yelamanchili,83.2186,17.6883,82.8542,17.5517,Gurazada_Apparao,Theatre,1862,1915,1902,1915
Chalakudy,Kochi,76.33,10.3,76.28,9.96667,A._K._Lohithadas,Theatre,1955,2009,1995,2009
Kallidaikurichi,Sringeri,77.465,8.685,75.25,13.42,Aadhavan_Sundaram,Theatre,1942,1987,1982,1987
Nellore_district,Hyderabad,80,14.4333,78.48,17.37,Aatreya_(playwright),Theatre,1921,1989,1961,1989
United_Provinces_of_Agra_and_Oudh,United_Provinces_of_Agra_and_Oudh,81.85,25.45,81.85,25.45,Abdul_Halim_Sharar,Theatre,1860,1926,1900,1926
Mumbai,Mumbai,72.8258,18.975,72.8258,18.975,Adi_Pherozeshah_Marzban,Theatre,1914,1987,1954,1987
Ahmedabad,New_Jersey,72.58,23.03,74.5,40,Adil_Mansuri,Theatre,1936,2008,1976,2008
Rajahmundry,Chennai,81.78,16.98,80.27,13.0839,Adurthi_Subba_Rao,Theatre,1912,1975,1952,1975
Amritsar,Lahore,74.87,31.64,74.3436,31.5497,Agha_Hashar_Kashmiri,Theatre,1879,1935,1919,1935
Lucknow,Toronto,80.9,26.8,-79.4,43.7,Aghajani_Kashmeri,Theatre,1908,1998,1948,1998
Mysore_State,Bangalore,76.65,12.3,77.56,12.97,B._C._Gowrishankar,Theatre,1950,2004,1990,2004
Nainital,Lucknow,79.449,29.395,80.9,26.8,B._M._Shah,Theatre,1933,1998,1973,1998
Magadi,Chennai,77.23,12.97,80.27,13.0839,B._S._Ranga,Theatre,1917,2010,1957,2010
Kingdom_of_Mysore,Bangalore,76.65,12.3,77.56,12.97,B._V._Karanth,Theatre,1929,2002,1969,2002
Guntur_district,Srikalahasti,80.45,16.3,79.7,13.76,Balijepalli_Lakshmikantam,Theatre,1881,1953,1921,1953
Bathinda,Mumbai,74.9519,30.23,72.8258,18.975,Balwant_Gargi,Theatre,1916,2003,1956,2003
Madras_Presidency,Chennai,80.27,13.08,80.27,13.0839,Bapu_(film_director),Theatre,1933,2014,1973,2014
Nagaon,Guwahati,92.6796,26.3504,91.7333,26.1833,Bhabendra_Nath_Saikia,Theatre,1932,2003,1972,2003
Katangi,Jehangir_Hospital,79.78,21.78,73.8767,18.5303,Bhau_Kalchuri,Theatre,1927,2013,1967,2013
Rawalpindi,Delhi,73.0333,33.6,77.23,28.61,Bhisham_Sahni,Theatre,1915,2003,1955,2003
Kolkata,Kolkata,88.3667,22.5667,88.3667,22.5667,Birendra_Krishna_Bhadra,Theatre,1905,1991,1945,1991
Dhaka,Tezpur,90.3667,23.7,92.8,26.63,Bishnu_Prasad_Rabha,Theatre,1909,1969,1949,1969
Barpeta,Guwahati,91,26.32,91.7333,26.1833,Brajanath_Sarma,Theatre,1894,1960,1934,1960
Comilla_District,Lucknow,91.12,23.27,80.9,26.8,Buddhadeb_Bosu,Theatre,1908,1974,1948,1974
Kakinada,Chennai,82.255,16.9661,80.27,13.0839,C._Pullaiah,Theatre,1898,1967,1938,1967
Travancore,Travancore,76.9167,8.43333,76.9167,8.43333,C._V._Raman_Pillai,Theatre,1858,1922,1898,1922
Madras_Presidency,Chennai,80.27,13.08,80.27,13.0839,C._V._Sridhar,Theatre,1933,2008,1973,2008
Kozhikode,Thrissur,75.78,11.25,76.21,10.52,Chintha_Ravi,Theatre,1945,2011,1985,2011
Kochi,Chennai,76.28,9.96667,80.27,13.0839,Cochin_Haneefa,Theatre,1951,2010,1991,2010
Guntur_district,Hyderabad,80.45,16.3,78.48,17.37,D._V._Narasa_Raju,Theatre,1920,2006,1960,2006
Bardhaman,Kolkata,87.8667,23.2333,88.3667,22.5667,Debaki_Bose,Theatre,1898,1971,1938,1971
Allahabad,Mumbai,82.5,25.45,72.8258,18.975,Dharamvir_Bharati,Theatre,1926,1997,1966,1997
Kolkata,Kolkata,88.3667,22.5667,88.3667,22.5667,Dhirendra_Nath_Ganguly,Theatre,1893,1978,1933,1978
Kodinar,Ahmedabad,70.8,20.86,72.58,23.03,Dhirubhai_Thaker,Theatre,1918,2014,1958,2014
Bombay_State,Kolhapur,72.8258,18.975,74.2333,16.6917,Dinkar_D._Patil,Theatre,1915,2005,1955,2005
Kollam,Adoor,76.6,8.88,76.44,9.1,E._V._Krishna_Pillai,Theatre,1895,1938,1935,1938
Nanjangud,Mumbai,76.68,12.12,72.8258,18.975,G._V._Iyer,Theatre,1917,2003,1957,2003
Porbandar,Pune,69.6,21.63,73.8567,18.5203,Gulabdas_Broker,Theatre,1909,2006,1949,2006
Raipur,Bhopal,81.63,21.25,77.4167,23.25,Habib_Tanvir,Theatre,1923,2009,1963,2009
Mumbai,Mumbai,72.8258,18.975,72.8258,18.975,Haji_Mohammed_Allarakha_Shivji,Theatre,1878,1921,1918,1921
Hyderabad,Mumbai,78.48,17.37,72.8258,18.975,Harindranath_Chattopadhyay,Theatre,1898,1990,1938,1990
Dhandhuka,Mumbai,71.98,22.37,72.8258,18.975,Harji_Lavji_Damani,Theatre,1892,1962,1932,1962
Budaun,Mumbai,79.12,28.05,72.8258,18.975,Ismat_Chughtai,Theatre,1915,1991,1955,1991
Alappuzha,Kochi,76.4,9.49,76.28,9.96667,J._Sasikumar,Theatre,1927,2014,1967,2014
Thiruvananthapuram,Thiruvananthapuram,76.9525,8.4875,76.9525,8.4875,Jagathy_N._K._Achary,Theatre,1924,1997,1964,1997
Tenali,Chennai,80.64,16.2428,80.27,13.0839,Jaggayya_(actor),Theatre,1926,2004,1966,2004
Visnagar,Visnagar,72.55,23.7,72.55,23.7,Jaishankar_Bhojak,Theatre,1889,1975,1929,1975
Varanasi,Varanasi,82.96,25.28,82.96,25.28,Jaishankar_Prasad,Theatre,1890,1937,1930,1937
Krishna_district,Visakhapatnam,81.2167,16.2833,83.2186,17.6883,Jaladi_Raja_Rao,Theatre,1932,2011,1972,2011
Chennamkary,Kozhikode,76.3833,9.46667,75.78,11.25,John_Abraham_(director),Theatre,1937,1987,1977,1987
Kolkata,Ranchi,88.3667,22.5667,85.33,23.36,Jyotirindranath_Tagore,Theatre,1849,1925,1889,1925
Mianwali,Mumbai,71.5436,32.5854,72.8258,18.975,K._Amarnath,Theatre,1914,1983,1954,1983
Heggodu,Heggodu,75.0706,14.0995,75.0706,14.0995,K._V._Subbanna,Theatre,1932,2005,1972,2005
Mainpuri,Faridabad,79.02,27.23,77.3078,28.4211,Kamleshwar,Theatre,1932,2007,1972,2007
Bharuch,Mumbai,72.993,21.7,72.8258,18.975,Kanaiyalal_Maneklal_Munshi,Theatre,1887,1971,1927,1971
Kavalam,Thiruvananthapuram,76.4333,9.48333,76.9525,8.4875,Kavalam_Narayana_Panicker,Theatre,1928,2016,1968,2016
Hadali,New_Delhi,72.1922,32.2922,77.2089,28.6139,Khushwant_Singh,Theatre,1915,2014,1955,2014
Gudivada,Hyderabad,80.99,16.43,78.48,17.37,Kotayya_Pratyagatma,Theatre,1925,2001,1965,2001
Wazirabad,Mumbai,74.1167,32.4333,72.8258,18.975,Krishan_Chander,Theatre,1914,1977,1954,1977
Pune,Nashik,73.8567,18.5203,73.78,20,Kusumagraj,Theatre,1912,1999,1952,1999
Palai,Kottayam,76.7,9.71278,76.52,9.59,Leela_Devi,Theatre,1932,1998,1972,1998
Imphal,Imphal,93.95,24.82,93.95,24.82,M._K._Binodini_Devi,Theatre,1922,2011,1962,2011
Kokrajhar,Kokrajhar,90.27,26.4,90.27,26.4,Madaram_Brahma,Theatre,1903,1990,1943,1990
Cuttack_district,Cuttack_district,85.833,20.466,85.833,20.466,Manoranjan_Das,Theatre,1923,2013,1963,2013
Amritsar,Delhi,74.87,31.64,77.23,28.61,Mohan_Rakesh,Theatre,1925,1972,1965,1972
Almora,Delhi,79.67,29.62,77.23,28.61,Mohan_Upreti,Theatre,1925,1997,1965,1997
Lucknow,Lucknow,80.9,26.8,80.9,26.8,Mudrarakshas,Theatre,1933,2016,1973,2016
Ollur,Thrissur,76.23,10.46,76.21,10.52,Mullanezhi,Theatre,1948,2011,1988,2011
Rajahmundry,Chennai,81.78,16.98,80.27,13.0839,Mullapudi_Venkata_Ramana,Theatre,1931,2011,1971,2011
Kollam,Thiruvananthapuram,76.6,8.88,76.9525,8.4875,Murali_(Malayalam_actor),Theatre,1954,2009,1994,2009
Ramankary,Thiruvananthapuram,76.4639,9.425,76.9525,8.4875,Nagavally_R._S._Kurup,Theatre,1917,2003,1957,2003
Miraj,Pune,74.63,16.83,73.8567,18.5203,Narasimha_Chintaman_Kelkar,Theatre,1872,1947,1912,1947
Travancore,Kozhikode,76.9167,8.43333,75.78,11.25,Narendra_Prasad,Theatre,1946,2003,1986,2003
Delhi,Mumbai,77.23,28.61,72.8258,18.975,Nida_Fazli,Theatre,1938,2016,1978,2016
Jaipur,Mumbai,75.8,26.9,72.8258,18.975,Om_Shivpuri,Theatre,1938,1990,1978,1990
Alappuzha,Alappuzha,76.4,9.49,76.4,9.49,P._K._Sarangapani,Theatre,1925,2011,1965,2011
Thrissur,Kottayam,76.21,10.52,76.52,9.59,P._Ramdas,Theatre,1933,2014,1973,2014
Pandavapura,Bangalore,76.67,12.5,77.56,12.97,P._T._Narasimhachar,Theatre,1905,1998,1945,1998
Thrissur,Chennai,76.21,10.52,80.27,13.0839,P._Venu,Theatre,1940,2011,1980,2011
Karaikudi,Chennai,78.78,10.07,80.27,13.0839,Panchu_Arunachalam,Theatre,1941,2016,1981,2016
Lahore,Birmingham,74.3436,31.5497,-1.89361,52.4831,Partap_Sharma,Theatre,1939,2011,1979,2011
Travancore,Pampady,76.9167,8.43333,76.6667,9.56667,Ponkunnam_Varkey,Theatre,1910,2004,1950,2004
Kuppalli,Mudigere,75.31,13.58,75.63,13.13,Poornachandra_Tejaswi,Theatre,1938,2007,1978,2007
Panvel,Mumbai,73.1139,18.9944,72.8258,18.975,Prabodhankar_Thackeray,Theatre,1885,1973,1925,1973
Omallur,Omallur,76.751,9.24675,76.751,9.24675,Prathapachandran,Theatre,1941,2004,1981,2004
Mumbai,Pune,72.8258,18.975,73.8567,18.5203,Purushottam_Laxman_Deshpande,Theatre,1919,2000,1959,2000
Kingdom_of_Mysore,Bangalore,76.65,12.3,77.56,12.97,Puttanna_Kanagal,Theatre,1933,1985,1973,1985
Aligarh,Noida,78.08,27.88,77.32,28.57,Qurratulain_Hyder,Theatre,1927,2007,1967,2007
Nellore,Chennai,79.99,14.44,80.27,13.0839,Rajanala_Kaleswara_Rao,Theatre,1925,1998,1965,1998
Jalalpur_Jattan,Mumbai,74.2033,32.6419,72.8258,18.975,Rajendra_Krishan,Theatre,1934,1987,1974,1987
Sialkot,Mumbai,74.5361,32.4972,72.8258,18.975,Rajinder_Singh_Bedi,Theatre,1915,1984,1955,1984
Jammu,Jammu,74.87,32.73,74.87,32.73,Ram_Nath_Shastri,Theatre,1914,2009,1954,2009
Kolkata,Kolkata,88.3667,22.5667,88.3667,22.5667,Rituparno_Ghosh,Theatre,1963,2013,2003,2013
Kolkata,Kolkata,88.3667,22.5667,88.3667,22.5667,Satyajit_Ray,Theatre,1921,1992,1961,1992
Kolkata,Mumbai,88.3667,22.5667,72.8258,18.975,Satyen_Bose_(director),Theatre,1916,1993,1956,1993
Honnavar,Davanagere,74.4439,14.28,75.9242,14.4666,Shankar_Nag,Theatre,1954,1990,1994,1990
Nashik,Mumbai,73.78,20,72.8258,18.975,Shanta_Gandhi,Theatre,1917,2002,1957,2002
Ujjain,Mumbai,75.79,23.1667,72.8258,18.975,Sharad_Joshi,Theatre,1931,1991,1971,1991
Zafarwal_Tehsil,Pathankot,74.54,32.21,75.6,32.2668,Shiv_Kumar_Batalvi,Theatre,1936,1973,1976,1973
Kolkata,Kolkata,88.3667,22.5667,88.3667,22.5667,Sombhu_Mitra,Theatre,1915,1997,1955,1997
Srirangam,Chennai,78.68,10.87,80.27,13.0839,Sujatha_Rangarajan,Theatre,1935,2008,1975,2008
Kolkata,Kolkata,88.3667,22.5667,88.3667,22.5667,Swarnakumari_Devi,Theatre,1855,1932,1895,1932
Kozhikode,Kozhikode,75.78,11.25,75.78,11.25,T._Damodaran,Theatre,1935,2012,1975,2012
Bangalore,Bangalore,77.56,12.97,77.56,12.97,T._P._Kailasam,Theatre,1884,1946,1924,1946
Labhpur,Kolkata,87.82,23.83,88.3667,22.5667,Tarasankar_Bandyopadhyay,Theatre,1898,1971,1938,1971
Kanyakumari_district,Thiruvananthapuram,77.541,8.05,76.9525,8.4875,Thikkurissy_Sukumaran_Nair,Theatre,1916,1997,1956,1997
Jalandhar,Allahabad,75.576,31.326,82.5,25.45,Upendranath_Ashk,Theatre,1910,1996,1950,1996
Barisal,Kolkata,90.5,22.8,88.3667,22.5667,Utpal_Dutt,Theatre,1929,1993,1969,1993
Gudivada,Hyderabad,80.99,16.43,78.48,17.37,V._B._Rajendra_Prasad,Theatre,1932,2015,1972,2015
Kingdom_of_Mysore,Bangalore,76.65,12.3,77.56,12.97,V._Somashekhar,Theatre,1937,2003,1977,2003
Thalayolaparambu,Beypore,76.4481,9.785,75.82,11.18,Vaikom_Muhammad_Basheer,Theatre,1908,1994,1948,1994
Chennai,Chennai,80.27,13.0839,80.27,13.0839,Vedam_Venkataraya_Sastry,Theatre,1853,1929,1893,1929
East_Godavari_district,Chennai,82.25,16.95,80.27,13.0839,Vempati_Sadasivabrahmam,Theatre,1905,1968,1945,1968
Ramankary,Thiruvananthapuram,76.4639,9.425,76.9525,8.4875,Venu_Nagavally,Theatre,1949,2010,1989,2010
Gurdaspur_district,Mumbai,75.25,31.9167,72.8258,18.975,Vijay_Anand_(filmmaker),Theatre,1934,2004,1974,2004
Kolhapur,Pune,74.2333,16.6917,73.8567,18.5203,Vijay_Tendulkar,Theatre,1928,2008,1968,2008
Miranpur,New_Delhi,77.93,29.3,77.2089,28.6139,Vishnu_Prabhakar,Theatre,1912,2009,1952,2009
Sitapur,Karachi,80.66,27.57,67.01,24.86,Wajahat_Mirza,Theatre,1908,1990,1948,1990
Chitradurga,Pune,76.4,14.23,73.8567,18.5203,Y._R._Swamy,Theatre,1927,2002,1967,2002
Meerut,Aligarh,77.7,28.99,78.08,27.88,Zahida_Zaidi,Theatre,1930,2011,1970,2011
Nagpur,Pune,79.09,21.15,73.8567,18.5203,Anand_Abhyankar,Actor-Male,1963,2012,2003,2012
Kottayam,Kottayam,76.52,9.59,76.52,9.59,Achankunju,Actor-Male,1930,1987,1970,1987
Pune,Pune,73.8567,18.5203,73.8567,18.5203,Agha_(actor),Actor-Male,1914,1995,1954,1995
Hyderabad_State,Hyderabad,78.8333,17,78.48,17.37,Ajit_Khan,Actor-Male,1922,1998,1962,1998
Hyderabad,Bangalore,78.48,17.37,77.56,12.97,Mumtaz_Ali,Actor-Male,1912,1975,1952,1975
Ahmednagar,Mumbai,74.73,19.08,72.8258,18.975,Sadashiv_Amrapurkar,Actor-Male,1950,2014,1990,2014
Coimbatore,Coimbatore,76.9725,11.0183,76.9725,11.0183,Balu_Anand,Actor-Male,1954,2016,1994,2016
Gurdaspur_district,London,75.25,31.9167,-0.1275,51.5072,Dev_Anand,Actor-Male,1923,2011,1963,2011
Vadavucode,Coimbatore,76.4289,9.98571,76.9725,11.0183,Mala_Aravindan,Actor-Male,1939,2015,1979,2015
Hassan_district,Mysore,76,13,76.6,12.26,K._S._Ashwath,Actor-Male,1925,2010,1965,2010
Kodencheri,Kozhikode,75.969,11.4719,75.78,11.25,Augustine_(actor),Actor-Male,1955,2013,1995,2013
Rajahmundry,Hyderabad,81.78,16.98,78.48,17.37,Raja_Babu_(actor),Actor-Male,1937,1983,1977,1983
Krishna_district,Chennai,81.2167,16.2833,80.27,13.0839,Sobhan_Babu,Actor-Male,1937,2008,1977,2008
Arsikere,Bangalore,76.26,13.3139,77.56,12.97,Balakrishna_(Kannada_actor),Actor-Male,1913,1995,1953,1995
Travancore,Thiruvananthapuram,76.9167,8.43333,76.9525,8.4875,N._L._Balakrishnan,Actor-Male,1943,2014,1983,2014
Dhaka,Kolkata,90.3667,23.7,88.3667,22.5667,Bhanu_Bandopadhyay,Actor-Male,1920,1983,1960,1983
Kolkata,Lucknow,88.3667,22.5667,80.9,26.8,Kali_Banerjee,Actor-Male,1921,1993,1961,1993
North_Lakhimpur,Guwahati,94.1056,27.2414,91.7333,26.1833,Indra_Bania,Actor-Male,1942,2015,1982,2015
Mayiladuthurai,Chennai,79.65,11.1,80.27,13.0839,M._K._Thyagaraja_Bhagavathar,Actor-Male,1910,1959,1950,1959
Vavakkad,North_Paravur,76.1961,10.1755,76.23,10.15,Paravoor_Bharathan,Actor-Male,1929,2015,1969,2015
Kodungallur,Thiruvananthapuram,76.1946,10.2338,76.9525,8.4875,P._Bhaskaran,Actor-Male,1924,2007,1964,2007
Vadodara,Vadodara,73.19,22.3,73.19,22.3,Markand_Bhatt,Actor-Male,1929,2016,1969,2016
Jharia,Kolkata,86.4203,23.7516,88.3667,22.5667,Bibhu_Bhattacharya,Actor-Male,1944,2011,1984,2011
Meerut,Mumbai,77.7,28.99,72.8258,18.975,Bharat_Bhushan,Actor-Male,1920,1992,1960,1992
Kolkata,Kolkata,88.3667,22.5667,88.3667,22.5667,Chhabi_Biswas,Actor-Male,1900,1962,1940,1962
Nagpur,Kolkata,79.09,21.15,88.3667,22.5667,Tarun_Bose,Actor-Male,1928,1972,1968,1972
Kampur,London,92.63,26.2,-0.1275,51.5072,Ishaq_Bux,Actor-Male,1917,2000,1957,2000
Howrah,Howrah,88.31,22.59,88.31,22.59,Tulsi_Chakraborty,Actor-Male,1899,1961,1939,1961
Vadavannur,Chennai,76.6917,10.6417,80.27,13.0839,M._G._Chakrapani,Actor-Male,1911,1986,1951,1986
Kozhikode,Ottapalam,75.78,11.25,76.38,10.77,Mani_Madhava_Chakyar,Actor-Male,1899,1990,1939,1990
Tuticorin,Chennai,78.14,8.81,80.27,13.0839,J._P._Chandrababu,Actor-Male,1927,1974,1967,1974
Porbandar,Karachi,69.6,21.63,67.01,24.86,Noor_Mohammed_Charlie,Actor-Male,1911,1983,1951,1983
Kolkata,Kolkata,88.3667,22.5667,88.3667,22.5667,Anil_Chatterjee,Actor-Male,1929,1996,1969,1996
Kolkata,Kolkata,88.3667,22.5667,88.3667,22.5667,Subhendu_Chatterjee,Actor-Male,1936,2007,1976,2007
Thane,Toronto,72.957,19.1724,-79.4,43.7,David_Abraham_Cheulkar,Actor-Male,1909,1981,1949,1981
Mumbai,Mumbai,72.8258,18.975,72.8258,18.975,Bhagwan_Dada,Actor-Male,1913,2002,1953,2002
Kolkata,Kolkata,88.3667,22.5667,88.3667,22.5667,Sukhen_Das,Actor-Male,1938,2004,1978,2004
Mumbai,Mumbai,72.8258,18.975,72.8258,18.975,Firoz_Dastur,Actor-Male,1919,2008,1959,2008
Murtajapur,Pune,77.51,20.73,73.8567,18.5203,Vasantrao_Deshpande,Actor-Male,1920,1983,1960,1983
Cherthala,Kochi,76.3361,9.68694,76.28,9.96667,Rajan_P._Dev,Actor-Male,1951,2009,1991,2009
Kolkata,Bangalore,88.3667,22.5667,77.56,12.97,Manna_Dey,Actor-Male,1919,2013,1959,2013
Chennai,Mysore,80.27,13.0839,76.6,12.26,R._Dilip_(Tamil_actor),Actor-Male,1955,2012,1995,2012
Thanjavur,Chennai,79.1361,10.7833,80.27,13.0839,T._S._Durairaj,Actor-Male,1910,1986,1950,1986
Peshawar,Mumbai,71.5833,34.0167,72.8258,18.975,G._M._Durrani,Actor-Male,1919,1988,1959,1988
Bangalore,Mumbai,77.56,12.97,72.8258,18.975,Guru_Dutt,Actor-Male,1925,1964,1965,1964
Jhelum,Mumbai,73.7333,32.9286,72.8258,18.975,Sunil_Dutt,Actor-Male,1929,2005,1969,2005
Dhaka,Kolkata,90.3667,23.7,88.3667,22.5667,Santosh_Dutta,Actor-Male,1925,1988,1965,1988
Vemuru,Hyderabad,80.7425,16.1775,78.48,17.37,Vemuri_Gaggaiah,Actor-Male,1895,1955,1935,1955
Pudukkottai,Chennai,78.82,10.38,80.27,13.0839,Gemini_Ganesan,Actor-Male,1920,2005,1960,2005
Viluppuram,Chennai,79.493,11.941,80.27,13.0839,Sivaji_Ganesan,Actor-Male,1928,2001,1968,2001
Dhaka,Kolkata,90.3667,23.7,88.3667,22.5667,Ritwik_Ghatak,Actor-Male,1925,1976,1965,1976
Kolkata,Kolkata,88.3667,22.5667,88.3667,22.5667,Rabi_Ghosh,Actor-Male,1931,1997,1971,1997
Meerut,Kolkata,77.7,28.99,88.3667,22.5667,Bipin_Gupta,Actor-Male,1905,1981,1945,1981
Sialkot,Mumbai,74.5361,32.4972,72.8258,18.975,A._K._Hangal,Actor-Male,1914,2012,1954,2012
Kolkata,Mumbai,88.3667,22.5667,72.8258,18.975,Anwar_Hussain_(actor),Actor-Male,1925,1988,1965,1988
Kanpur,Mumbai,80.3319,26.4499,72.8258,18.975,Iftekhar,Actor-Male,1920,1995,1960,1995
Ratnagiri_district,Mumbai,73.5,17,72.8258,18.975,Shafi_Inamdar,Actor-Male,1945,1996,1985,1996
Changanassery,Poojappura,76.55,9.46667,76.981,8.48341,Jagannathan_(actor),Actor-Male,1938,2012,1978,2012
Amravati,Mumbai,77.75,20.93,72.8258,18.975,Gajanan_Jagirdar,Actor-Male,1907,1988,1947,1988
Hyderabad_State,Mumbai,78.8333,17,72.8258,18.975,Paidi_Jairaj,Actor-Male,1909,2000,1949,2000
Chennai,Chennai,80.27,13.0839,80.27,13.0839,Jaishankar,Actor-Male,1938,2000,1978,2000
Muzaffarpur,Kolkata,85.45,26,88.3667,22.5667,Shyamanand_Jalan,Actor-Male,1934,2010,1974,2010
Thiruvananthapuram,Kottayam,76.9525,8.4875,76.52,9.59,James_(Malayalam_actor),Actor-Male,1955,2007,1995,2007
Travancore,Chennai,76.9167,8.43333,80.27,13.0839,Jayan,Actor-Male,1939,1980,1979,1980
Talagang,Mumbai,72.4111,32.9278,72.8258,18.975,I._S._Johar,Actor-Male,1920,1984,1960,1984
Fort_Kochi,Chennai,76.244,9.968,80.27,13.0839,Manavalan_Joseph,Actor-Male,1954,1986,1994,1986
Mahad,Mumbai,73.417,18.083,72.8258,18.975,Rajesh_Joshi_(actor),Actor-Male,1970,1998,2010,1998
Dadar,Mumbai,72.8448,19.018,72.8258,18.975,Sudhir_Joshi,Actor-Male,1948,2005,1988,2005
Porbandar,Mumbai,69.6,21.63,72.8258,18.975,Jatin_Kanakia,Actor-Male,1953,1999,1993,1999
Gujranwala,Mumbai,74.1833,32.15,72.8258,18.975,Goga_Kapoor,Actor-Male,1940,2011,1980,2011
Faisalabad,Mumbai,73.0789,31.4292,72.8258,18.975,Prithviraj_Kapoor,Actor-Male,1906,1972,1946,1972
Peshawar,New_Delhi,71.5833,34.0167,77.2089,28.6139,Raj_Kapoor,Actor-Male,1924,1988,1964,1988
Mumbai,Mumbai,72.8258,18.975,72.8258,18.975,Shammi_Kapoor,Actor-Male,1931,2011,1971,2011
Lahore,Mumbai,74.3436,31.5497,72.8258,18.975,Abdur_Rashid_Kardar,Actor-Male,1904,1989,1944,1989
Mysore,Bangalore,76.6,12.26,77.56,12.97,Karibasavaiah,Actor-Male,1959,2012,1999,2012
Palakkad,Kochi,76.65,10.77,76.28,9.96667,Kalamandalam_Kesavan,Actor-Male,1936,2009,1976,2009
Hyderabad,Mumbai,78.48,17.37,72.8258,18.975,Amjad_Khan_(actor),Actor-Male,1940,1992,1980,1992
Kingdom_of_Mysore,Bangalore,76.65,12.3,77.56,12.97,Feroz_Khan_(actor),Actor-Male,1939,2009,1979,2009
Bilimora,Mumbai,72.95,20.75,72.8258,18.975,Mehboob_Khan,Actor-Male,1906,1964,1946,1964
Hyderabad,Hyderabad,78.48,17.37,78.48,17.37,Uday_Kiran,Actor-Male,1980,2014,2019,2014
Bhor,Mumbai,73.85,18.17,72.8258,18.975,Dada_Kondke,Actor-Male,1932,1998,1972,1998
Travancore-Cochin,Thiruvananthapuram,76.9167,8.43333,76.9525,8.4875,Bobby_Kottarakkara,Actor-Male,1945,2001,1985,2001
Kolkata,Mumbai,88.3667,22.5667,72.8258,18.975,Gopi_Krishna_(dancer),Actor-Male,1935,1994,1975,1994
Malabar_District,Palakkad,75.2704,12.0106,76.65,10.77,Mundur_Krishnankutty,Actor-Male,1935,2005,1975,2005
Lahore,Mumbai,74.3436,31.5497,72.8258,18.975,Manmohan_Krishna,Actor-Male,1922,1990,1962,1990
Central_Provinces_and_Berar,Mumbai,79.09,21.15,72.8258,18.975,Anoop_Kumar,Actor-Male,1926,1997,1966,1997
Kolkata,Kolkata,88.3667,22.5667,88.3667,22.5667,Anup_Kumar_(actor),Actor-Male,1930,1998,1970,1998
Bhagalpur,Mumbai,87,25.25,72.8258,18.975,Ashok_Kumar,Actor-Male,1911,2001,1951,2001
Central_Provinces,Mumbai,79.09,21.15,72.8258,18.975,Kishore_Kumar,Actor-Male,1929,1987,1969,1987
Loralai,Mumbai,68.6,30.3667,72.8258,18.975,Raaj_Kumar,Actor-Male,1926,1996,1966,1996
Sialkot,Mumbai,74.5361,32.4972,72.8258,18.975,Rajendra_Kumar,Actor-Male,1929,1999,1969,1999
Surat,Mumbai,72.83,21.17,72.8258,18.975,Sanjeev_Kumar,Actor-Male,1938,1985,1978,1985
Varanasi,Mumbai,82.96,25.28,72.8258,18.975,Sujit_Kumar,Actor-Male,1934,2010,1974,2010
Kolkata,Tollygunge,88.3667,22.5667,88.35,22.5,Uttam_Kumar,Actor-Male,1926,1980,1966,1980
Bangalore,Bangalore,77.56,12.97,77.56,12.97,Lokesh,Actor-Male,1947,2004,1987,2004
Jodhpur,Mumbai,73.02,26.28,72.8258,18.975,Mahipal_(actor),Actor-Male,1919,2005,1959,2005
United_Provinces_of_Agra_and_Oudh,Mumbai,81.85,25.45,72.8258,18.975,Talat_Mahmood,Actor-Male,1924,1998,1964,1998
Mumbai,Pune,72.8258,18.975,73.8567,18.5203,Sureshbabu_Mane,Actor-Male,1902,1953,1942,1953
Mangeshi_village,Pune,73.9832,15.5161,73.8567,18.5203,Deenanath_Mangeshkar,Actor-Male,1900,1942,1940,1942
Chalakudy,Kochi,76.33,10.3,76.28,9.96667,Kalabhavan_Mani,Actor-Male,1971,2016,2011,2016
Sulur,Chennai,77.13,11.03,80.27,13.0839,Manivannan,Actor-Male,1954,2013,1994,2013
Kottayam,Chennai,76.52,9.59,80.27,13.0839,Alex_Mathew,Actor-Male,1959,2015,1999,2015
Tiruchirappalli,Chennai,78.6856,10.805,80.27,13.0839,N._Mathrubootham,Actor-Male,1944,2004,1984,2004
Amritsar,Mumbai,74.87,31.64,72.8258,18.975,Vinod_Mehra,Actor-Male,1945,1990,1985,1990
Sheikhupura,Mumbai,73.985,31.715,72.8258,18.975,Gulshan_Kumar_Mehta,Actor-Male,1937,2009,1977,2009
Palakkad,Perintalmanna,76.65,10.77,76.23,10.98,Ravi_Menon,Actor-Male,1950,2007,1990,2007
Mumbai,Mumbai,72.8258,18.975,72.8258,18.975,Sohrab_Modi,Actor-Male,1897,1984,1937,1984
Karachi,Mumbai,67.01,24.86,72.8258,18.975,Mac_Mohan,Actor-Male,1938,2010,1978,2010
Jhansi,Mumbai,78.5696,25.4486,72.8258,18.975,Joy_Mukherjee,Actor-Male,1939,2012,1979,2012
Alibag,Mumbai,72.88,18.64,72.8258,18.975,Mukri,Actor-Male,1922,2000,1962,2000
Bangalore,Chennai,77.56,12.97,80.27,13.0839,Murali_(Tamil_actor),Actor-Male,1964,2010,2004,2010
Vizianagaram_district,Hyderabad,83.4,18.2,78.48,17.37,J._V._Ramana_Murthi,Actor-Male,1933,2016,1973,2016
Kolavennu,Vijayawada,80.7833,16.45,80.6305,16.5193,Mikkilineni_Radhakrishna_Murthy,Actor-Male,1914,2011,1954,2011
Madras_Presidency,Chennai,80.27,13.08,80.27,13.0839,Nagesh,Actor-Male,1933,2009,1973,2009
Chemancheri,Thiruvananthapuram,75.735,11.4116,76.9525,8.4875,Balan_K._Nair,Actor-Male,1933,2000,1973,2000
Malabar_region,Chennai,75.77,11.25,80.27,13.0839,M._N._Nambiar,Actor-Male,1919,2008,1959,2008
Nimmakuru,Hyderabad,80.9967,16.2703,78.48,17.37,N._T._Rama_Rao,Actor-Male,1923,1996,1963,1996
Madras_State,Hyderabad,80.27,13.09,78.48,17.37,M._S._Narayana,Actor-Male,1951,2015,1991,2015
Peshawar,Mumbai,71.5833,34.0167,72.8258,18.975,Rajendra_Nath,Actor-Male,1931,2008,1971,2008
Rajnandgaon,Raipur,81.03,21.1,81.63,21.25,Govind_Ram_Nirmalkar,Actor-Male,1935,2014,1975,2014
Cuttack,Cuttack,85.7881,20.5231,85.7881,20.5231,Nityananda_Palit,Actor-Male,1923,1990,1963,1990
Simhadripuram,Chennai,78.1333,14.6333,80.27,13.0839,Basavaraju_Venkata_Padmanabha_Rao,Actor-Male,1931,2010,1971,2010
Nainital,Mumbai,79.449,29.395,72.8258,18.975,Nirmal_Pandey,Actor-Male,1962,2010,2002,2010
Madurai,Madurai,78.1,9.93,78.1,9.93,Pandiyan_(actor),Actor-Male,1959,2008,1999,2008
Kozhikode,Kozhikode,75.78,11.25,75.78,11.25,Kuthiravattam_Pappu,Actor-Male,1937,2000,1977,2000
Miraj,Pune,74.63,16.83,73.8567,18.5203,Raja_Paranjape,Actor-Male,1910,1979,1950,1979
Ghazipur,Mumbai,83.57,25.58,72.8258,18.975,Yunus_Parvez,Actor-Male,1931,2007,1971,2007
Cuttack,Bhubaneswar,85.7881,20.5231,85.84,20.27,Hara_Patnaik,Actor-Male,1958,2015,1998,2015
Kolhapur,Mumbai,74.2333,16.6917,72.8258,18.975,Kuldeep_Pawar,Actor-Male,1949,2014,1989,2014
Hyderabad,Mumbai,78.48,17.37,72.8258,18.975,Bhalchandra_Pendharkar,Actor-Male,1921,2015,1961,2015
Pandanad,Pandanad,76.5768,9.3383,76.5768,9.3383,Chenganoor_Raman_Pillai,Actor-Male,1886,1980,1926,1980
Bangalore,Bangalore,77.56,12.97,77.56,12.97,Tiger_Prabhakar,Actor-Male,1950,2001,1990,2001
Kottayam,Ernakulam,76.52,9.59,76.28,9.98,Jose_Prakash,Actor-Male,1925,2012,1965,2012
Jammu,Mumbai,74.87,32.73,72.8258,18.975,Om_Prakash,Actor-Male,1919,1998,1959,1998
Kaikaluru,Hyderabad,81.2,16.5509,78.48,17.37,Nutan_Prasad,Actor-Male,1945,2011,1985,2011
Travancore,Chennai,76.9167,8.43333,80.27,13.0839,Prem_Nazir,Actor-Male,1929,1989,1969,1989
Peshawar,Mumbai,71.5833,34.0167,72.8258,18.975,Prem_Nath,Actor-Male,1926,1992,1966,1992
Khandapada,Bhubaneswar,85.18,20.27,85.84,20.27,Sarat_Pujari,Actor-Male,1934,2014,1974,2014
Nawanshahr,Mumbai,76.1333,31.1167,72.8258,18.975,Amrish_Puri,Actor-Male,1932,2005,1972,2005
Nawanshahr,Mumbai,76.1333,31.1167,72.8258,18.975,Madan_Puri,Actor-Male,1915,1985,1955,1985
Madras_Presidency,Tiruchirappalli,80.27,13.08,78.6856,10.805,M._R._Radha,Actor-Male,1907,1979,1947,1979
Guntur_district,Hyderabad,80.45,16.3,78.48,17.37,Kalyanam_Raghuramaiah,Actor-Male,1901,1975,1941,1975
Cuttack,Mumbai,85.7881,20.5231,72.8258,18.975,Himanshu_Rai,Actor-Male,1892,1940,1932,1940
Sargodha,Mumbai,72.6711,32.0836,72.8258,18.975,Jagdish_Raj,Actor-Male,1928,2013,1968,2013
Kottayam,Kottayam,76.52,9.59,76.52,9.59,V._D._Rajappan,Actor-Male,1944,2016,1984,2016
Kingdom_of_Mysore,Bangalore,76.65,12.3,77.56,12.97,Rajkumar_(actor),Actor-Male,1929,2006,1969,2006
Undi,Undi,81.4667,16.6,81.4667,16.6,Mukku_Raju,Actor-Male,1931,2014,1971,2014
Haripad,Haripad,76.4667,9.3,76.4667,9.3,Haripad_Ramakrishna_Pillai,Actor-Male,1926,1989,1966,1989
Valmikipuram,Hyderabad,78.6333,13.65,78.48,17.37,Rami_Reddy_(actor),Actor-Male,1959,2011,1999,2011
Amritsar,Mumbai,74.87,31.64,72.8258,18.975,Randhawa_(wrestler),Actor-Male,1933,2013,1973,2013
Chennai,Hyderabad,80.27,13.0839,78.48,17.37,Ranganath_(actor),Actor-Male,1949,2015,1989,2015
Chennai,New_Jersey,80.27,13.0839,74.5,40,Ranjan_(actor),Actor-Male,1918,1983,1958,1983
Madras_Presidency,Hyderabad,80.27,13.08,78.48,17.37,Akkineni_Nageswara_Rao,Actor-Male,1923,2014,1963,2014
Kakinada,Chennai,82.255,16.9661,80.27,13.0839,C._S._Rao,Actor-Male,1924,2004,1964,2004
Guntur_district,Hyderabad,80.45,16.3,78.48,17.37,Gummadi_Venkateswara_Rao,Actor-Male,1928,2010,1968,2010
Anakapalle,Hyderabad,83.0039,17.6913,78.48,17.37,Mallikarjuna_Rao_(actor),Actor-Male,1951,2008,1991,2008
Nellore,Chennai,79.99,14.44,80.27,13.0839,Rajanala_Kaleswara_Rao,Actor-Male,1925,1998,1965,1998
Kakinada,Hyderabad,82.255,16.9661,78.48,17.37,Rao_Gopal_Rao,Actor-Male,1937,1994,1977,1994
Nuzvid,Chennai,80.8465,16.7881,80.27,13.0839,S._V._Ranga_Rao,Actor-Male,1918,1974,1958,1974
Gudivada,Chennai,80.99,16.43,80.27,13.0839,Sakshi_Ranga_Rao,Actor-Male,1942,2005,1982,2005
Kalavoor,Thiruvananthapuram,76.3167,9.55,76.9525,8.4875,Ratheesh,Actor-Male,1954,2002,1994,2002
Federated_Malay_States,Chennai,101.7,3.1597,80.27,13.0839,Ravichandran_(Tamil_actor),Actor-Male,1940,2011,1980,2011
Thungathurthy,Hyderabad,79.6258,17.4567,78.48,17.37,M._Prabhakar_Reddy,Actor-Male,1935,1997,1975,1997
Lahore,Mumbai,74.3436,31.5497,72.8258,18.975,Rehman_(actor),Actor-Male,1921,1984,1961,1984
Barisal,Kolkata,90.5,22.8,88.3667,22.5667,Jahor_Roy,Actor-Male,1919,1977,1959,1977
Kingdom_of_Mysore,Bangalore,76.65,12.3,77.56,12.97,Kalyan_Kumar,Actor-Male,1928,1999,1968,1999
Rawalpindi,Mumbai,73.0333,33.6,72.8258,18.975,Balraj_Sahni,Actor-Male,1913,1973,1953,1973
Rawalpindi,Delhi,73.0333,33.6,77.23,28.61,Bhisham_Sahni,Actor-Male,1915,2003,1955,2003
Raigarh,Bangkok,83.4,21.9,100.467,13.75,Kishore_Sahu,Actor-Male,1915,1980,1955,1980
Jammu,Jalandhar,74.87,32.73,75.576,31.326,K._L._Saigal,Actor-Male,1904,1947,1944,1947
Pudukkottai,Coimbatore,78.82,10.38,76.9725,11.0183,P._K._Raja_Sandow,Actor-Male,1894,1942,1934,1942
Cherai,Cherai,76.27,9.977,76.27,9.977,Sankaradi,Actor-Male,1924,2001,1964,2001
Darjeeling,Kolkata,88.2667,27.05,88.3667,22.5667,Pahari_Sanyal,Actor-Male,1906,1974,1946,1974
Kashmir,Mumbai,76,34.5,72.8258,18.975,Sapru_(actor),Actor-Male,1916,1979,1956,1979
Vizianagaram_district,Hyderabad,83.4,18.2,78.48,17.37,P._J._Sarma,Actor-Male,1933,2014,1973,2014
Vizianagaram_district,Anakapalle,83.4,18.2,83.0039,17.6913,Ramayanam_Sarveswara_Sastry,Actor-Male,1889,1962,1929,1962
Tenali,Tenali,80.64,16.2428,80.64,16.2428,Tripuraribhatla_Ramakrishna_Sastry,Actor-Male,1914,1998,1954,1998
Chennai,Chennai,80.27,13.0839,80.27,13.0839,Vedam_Venkataraya_Sastry,Actor-Male,1853,1929,1893,1929
Travancore,Chennai,76.9167,8.43333,80.27,13.0839,Sathyan_(actor),Actor-Male,1912,1971,1952,1971
Guntur,Chennai,80.4428,16.29,80.27,13.0839,Aarani_Satyanarayana,Actor-Male,1898,1969,1938,1969
Dhubri,Mumbai,90,26.02,72.8258,18.975,Vijay_Saxena,Actor-Male,1968,1994,2008,1994
Nainital,Lucknow,79.449,29.395,80.9,26.8,B._M._Shah,Actor-Male,1933,1998,1973,1998
Mumbai,Chicago,72.8258,18.975,-87.6847,41.8369,Mahavir_Shah,Actor-Male,1948,2000,1988,2000
Kingdom_of_Mysore,Bangalore,76.65,12.3,77.56,12.97,Shakti_Prasad,Actor-Male,1928,1986,1968,1986
Mysore,Mysore,76.6,12.26,76.6,12.26,M._P._Shankar,Actor-Male,1935,2008,1975,2008
Kolhapur_State,Mumbai,74.2333,16.6833,72.8258,18.975,V._Shantaram,Actor-Male,1901,1990,1941,1990
Chandigarh,Mumbai,76.78,30.74,72.8258,18.975,Vivek_Shauq,Actor-Male,1963,2011,2003,2011
Karachi,Mumbai,67.01,24.86,72.8258,18.975,Hari_Shivdasani,Actor-Male,1909,1994,1949,1994
Jaipur,Mumbai,75.8,26.9,72.8258,18.975,Om_Shivpuri,Actor-Male,1938,1990,1978,1990
Channapatna,Bangalore,77.205,12.65,77.56,12.97,C._R._Simha,Actor-Male,1942,2014,1982,2014
Amritsar,Mumbai,74.87,31.64,72.8258,18.975,Dara_Singh,Actor-Male,1928,2012,1968,2012
Dehradun,Mumbai,78.029,30.318,72.8258,18.975,K._N._Singh,Actor-Male,1908,2000,1948,2000
Shimla,New_Delhi,77.1,31.1033,77.2089,28.6139,Manohar_Singh,Actor-Male,1938,2002,1978,2002
Srikakulam_district,Hyderabad,84.0167,18.4167,78.48,17.37,J._V._Somayajulu,Actor-Male,1928,2004,1968,2004
Madras_Presidency,Chennai,80.27,13.08,80.27,13.0839,T._M._Soundararajan,Actor-Male,1922,2013,1962,2013
Thrissur,Ernakulam_district,76.21,10.52,76.33,10,Sreenath,Actor-Male,1956,2010,1996,2010
Panoor,Kochi,75.5959,11.7519,76.28,9.96667,Subair,Actor-Male,1962,2010,2002,2010
Tenali,Manikonda,80.64,16.2428,78.3701,17.407,Amanchi_Venkata_Subrahmanyam,Actor-Male,1957,2013,1997,2013
Ballikurava,Dilsukhnagar,80.0031,16.0247,78.5247,17.3688,Dharmavarapu_Subramanyam,Actor-Male,1960,2013,2000,2013
Edappal,Thiruvananthapuram,76.0274,10.7321,76.9525,8.4875,Sukumaran,Actor-Male,1948,1997,1988,1997
Chennai,Chennai,80.27,13.0839,80.27,13.0839,Major_Sundarrajan,Actor-Male,1935,2003,1975,2003
Kollam,Thiruvananthapuram,76.6,8.88,76.9525,8.4875,K._P._A._C._Sunny,Actor-Male,1934,2006,1974,2006
Bhogireddipalle,Chennai,81.021,16.114,80.27,13.0839,Suthivelu,Actor-Male,1947,2012,1987,2012
Ahmednagar,Pune,74.73,19.08,73.8567,18.5203,Sharad_Talwalkar,Actor-Male,1918,2001,1958,2001
Raipur,Bhopal,81.63,21.25,77.4167,23.25,Habib_Tanvir,Actor-Male,1923,2009,1963,2009
Travancore,Thiruvananthapuram,76.9167,8.43333,76.9525,8.4875,Thilakan,Actor-Male,1935,2012,1975,2012
Thrippunithura,Shoranur,76.3387,9.95277,76.28,10.77,M._S._Thripunithura,Actor-Male,1941,2006,1981,2006
Palacode,Bangalore,78.08,12.303,77.56,12.97,Udaykumar,Actor-Male,1933,1985,1973,1985
Bikrampur,New_Delhi,90.55,23.55,77.2089,28.6139,Sarada_Ukil,Actor-Male,1888,1940,1928,1940
Kozhikode,Chennai,75.78,11.25,80.27,13.0839,K._P._Ummer,Actor-Male,1930,2001,1970,2001
Wadakkancherry,Kozhikode,76.2494,10.6594,75.78,11.25,Oduvil_Unnikrishnan,Actor-Male,1944,2006,1984,2006
Bangalore,Bangalore,77.56,12.97,77.56,12.97,Vajramuni,Actor-Male,1944,2006,1984,2006
Madras_Presidency,Bangalore,80.27,13.08,77.56,12.97,S._P._Varadappa,Actor-Male,1935,2006,1975,2006
Kochi,Kozhikode,76.28,9.96667,75.78,11.25,Machan_Varghese,Actor-Male,1960,2011,2000,2011
East_Godavari_district,Chennai,82.25,16.95,80.27,13.0839,Suthi_Veerabhadra_Rao,Actor-Male,1947,1988,1987,1988
Kangeyam,Chennai,77.562,11.0054,80.27,13.0839,P._S._Veerappa,Actor-Male,1911,1998,1951,1998
Ravulapalem,Tadepalligudem,81.9833,16.4833,81.5,16.8333,Relangi_Venkata_Ramaiah,Actor-Male,1910,1975,1950,1975
Kozhikode,Chennai,75.78,11.25,80.27,13.0839,Vijayan_(actor),Actor-Male,1944,2007,1984,2007
Kolhapur,Mumbai,74.2333,16.6917,72.8258,18.975,Master_Vinayak,Actor-Male,1906,1947,1946,1947
Mysore,Mysore,76.6,12.26,76.6,12.26,Vishnuvardhan_(actor),Actor-Male,1950,2009,1990,2009
Palakkad,Chennai,76.65,10.77,80.27,13.0839,M._S._Viswanathan,Actor-Male,1928,2015,1968,2015
Central_Provinces,Mumbai,79.09,21.15,72.8258,18.975,Johnny_Walker_(actor),Actor-Male,1920,2003,1960,2003
Varanasi,Varanasi,82.96,25.28,82.96,25.28,Bharatendu_Harishchandra,Actor-Male,1850,1885,1890,1885
Ahmedabad,Mumbai,72.58,23.03,72.8258,18.975,Amrit_Keshav_Nayak,Actor-Male,1877,1907,1917,1907
Nagpur,Pune,79.09,21.15,73.8567,18.5203,Anand_Abhyankar,Actor-Male,1963,2012,2003,2012
Vadavucode,Coimbatore,76.4289,9.98571,76.9725,11.0183,Mala_Aravindan,Actor-Male,1939,2015,1979,2015
Hassan_district,Mysore,76,13,76.6,12.26,K._S._Ashwath,Actor-Male,1925,2010,1965,2010
Kodencheri,Kozhikode,75.969,11.4719,75.78,11.25,Augustine_(actor),Actor-Male,1955,2013,1995,2013
Travancore,Thiruvananthapuram,76.9167,8.43333,76.9525,8.4875,N._L._Balakrishnan,Actor-Male,1943,2014,1983,2014
Vavakkad,North_Paravur,76.1961,10.1755,76.23,10.15,Paravoor_Bharathan,Actor-Male,1929,2015,1969,2015
Jharia,Kolkata,86.4203,23.7516,88.3667,22.5667,Bibhu_Bhattacharya,Actor-Male,1944,2011,1984,2011
Kolkata,Kolkata,88.3667,22.5667,88.3667,22.5667,Subhendu_Chatterjee,Actor-Male,1936,2007,1976,2007
Hathras,Indore,78.05,27.6,75.8472,22.7167,Rakesh_Deewana,Actor-Male,1969,2014,2009,2014
Cherthala,Kochi,76.3361,9.68694,76.28,9.96667,Rajan_P._Dev,Actor-Male,1951,2009,1991,2009
Kolkata,Bangalore,88.3667,22.5667,77.56,12.97,Manna_Dey,Actor-Male,1919,2013,1959,2013
Chennai,Mysore,80.27,13.0839,76.6,12.26,R._Dilip_(Tamil_actor),Actor-Male,1955,2012,1995,2012
Kolkata,Kolkata,88.3667,22.5667,88.3667,22.5667,Rituparno_Ghosh,Actor-Male,1963,2013,2003,2013
Kochi,Chennai,76.28,9.96667,80.27,13.0839,Cochin_Haneefa,Actor-Male,1951,2010,1991,2010
Changanassery,Poojappura,76.55,9.46667,76.981,8.48341,Jagannathan_(actor),Actor-Male,1938,2012,1978,2012
Thiruvananthapuram,Kottayam,76.9525,8.4875,76.52,9.59,James_(Malayalam_actor),Actor-Male,1955,2007,1995,2007
Mumbai,Mumbai,72.8258,18.975,72.8258,18.975,Shammi_Kapoor,Actor-Male,1931,2011,1971,2011
Mysore,Bangalore,76.6,12.26,77.56,12.97,Karibasavaiah,Actor-Male,1959,2012,1999,2012
Palakkad,Kochi,76.65,10.77,76.28,9.96667,Kalamandalam_Kesavan,Actor-Male,1936,2009,1976,2009
Kingdom_of_Mysore,Bangalore,76.65,12.3,77.56,12.97,Feroz_Khan_(actor),Actor-Male,1939,2009,1979,2009
Hyderabad,Hyderabad,78.48,17.37,78.48,17.37,Uday_Kiran,Actor-Male,1980,2014,2019,2014
Travancore-Cochin,Thiruvananthapuram,76.9167,8.43333,76.9525,8.4875,Bobby_Kottarakkara,Actor-Male,1945,2001,1985,2001
Bhagalpur,Mumbai,87,25.25,72.8258,18.975,Ashok_Kumar,Actor-Male,1911,2001,1951,2001
Bangalore,Bangalore,77.56,12.97,77.56,12.97,Lokesh,Actor-Male,1947,2004,1987,2004
Chalakudy,Kochi,76.33,10.3,76.28,9.96667,Kalabhavan_Mani,Actor-Male,1971,2016,2011,2016
Sulur,Chennai,77.13,11.03,80.27,13.0839,Manivannan,Actor-Male,1954,2013,1994,2013
Tiruchirappalli,Chennai,78.6856,10.805,80.27,13.0839,N._Mathrubootham,Actor-Male,1944,2004,1984,2004
Palakkad,Perintalmanna,76.65,10.77,76.23,10.98,Ravi_Menon,Actor-Male,1950,2007,1990,2007
Kolkata,Kolkata,88.3667,22.5667,88.3667,22.5667,Kunal_Mitra,Actor-Male,1965,2009,2005,2009
Kollam,Thiruvananthapuram,76.6,8.88,76.9525,8.4875,Murali_(Malayalam_actor),Actor-Male,1954,2009,1994,2009
Bangalore,Chennai,77.56,12.97,80.27,13.0839,Murali_(Tamil_actor),Actor-Male,1964,2010,2004,2010
Vizianagaram_district,Hyderabad,83.4,18.2,78.48,17.37,J._V._Ramana_Murthi,Actor-Male,1933,2016,1973,2016
Ramankary,Thiruvananthapuram,76.4639,9.425,76.9525,8.4875,Venu_Nagavally,Actor-Male,1949,2010,1989,2010
Madras_Presidency,Chennai,80.27,13.08,80.27,13.0839,Nagesh,Actor-Male,1933,2009,1973,2009
Malabar_region,Chennai,75.77,11.25,80.27,13.0839,M._N._Nambiar,Actor-Male,1919,2008,1959,2008
Madras_State,Hyderabad,80.27,13.09,78.48,17.37,M._S._Narayana,Actor-Male,1951,2015,1991,2015
Rajnandgaon,Raipur,81.03,21.1,81.63,21.25,Govind_Ram_Nirmalkar,Actor-Male,1935,2014,1975,2014
Nainital,Mumbai,79.449,29.395,72.8258,18.975,Nirmal_Pandey,Actor-Male,1962,2010,2002,2010
Madurai,Madurai,78.1,9.93,78.1,9.93,Pandiyan_(actor),Actor-Male,1959,2008,1999,2008
Cuttack,Bhubaneswar,85.7881,20.5231,85.84,20.27,Hara_Patnaik,Actor-Male,1958,2015,1998,2015
Kolhapur,Mumbai,74.2333,16.6917,72.8258,18.975,Kuldeep_Pawar,Actor-Male,1949,2014,1989,2014
Bangalore,Bangalore,77.56,12.97,77.56,12.97,Tiger_Prabhakar,Actor-Male,1950,2001,1990,2001
Kottayam,Ernakulam,76.52,9.59,76.28,9.98,Jose_Prakash,Actor-Male,1925,2012,1965,2012
Travancore,Kozhikode,76.9167,8.43333,75.78,11.25,Narendra_Prasad,Actor-Male,1946,2003,1986,2003
Kaikaluru,Hyderabad,81.2,16.5509,78.48,17.37,Nutan_Prasad,Actor-Male,1945,2011,1985,2011
Omallur,Omallur,76.751,9.24675,76.751,9.24675,Prathapachandran,Actor-Male,1941,2004,1981,2004
Nawanshahr,Mumbai,76.1333,31.1167,72.8258,18.975,Amrish_Puri,Actor-Male,1932,2005,1972,2005
Tiruchirappalli,Chennai,78.6856,10.805,80.27,13.0839,Kaka_Radhakrishnan,Actor-Male,1925,2012,1965,2012
Port_Louis,Mumbai,57.5041,-20.1644,72.8258,18.975,Viveka_Babajee,Actor-Female,1973,2010,2013,2010
Jamshedpur,Mumbai,86.2,22.7833,72.8258,18.975,Pratyusha_Banerjee,Actor-Female,1991,2016,2019,2016
Adoor,Adoor,76.44,9.1,76.44,9.1,Adoor_Bhavani,Actor-Female,1927,2009,1967,2009
Mumbai,Mumbai,72.8258,18.975,72.8258,18.975,Sulabha_Deshpande,Actor-Female,1937,2016,1977,2016
Chennai,Chennai,80.27,13.0839,80.27,13.0839,Devika,Actor-Female,1943,2002,1983,2002
Kozhikode,Kozhikode,75.78,11.25,75.78,11.25,Santha_Devi,Actor-Female,1927,2010,1967,2010
Ramanathapuram_district,Chennai,78.75,9.26667,80.27,13.0839,Ganthimathi,Actor-Female,1945,2011,1985,2011
Mumbai,Mumbai,72.8258,18.975,72.8258,18.975,Leela_Roy_Ghosh,Actor-Female,1948,2012,1988,2012
Mumbai,Mumbai,72.8258,18.975,72.8258,18.975,Rasika_Joshi,Actor-Female,1972,2011,2012,2011
Kollam,Hyderabad,76.6,8.88,78.48,17.37,Kalpana_(Malayalam_actress),Actor-Female,1965,2016,2005,2016
Scotland,Mumbai,-4.26667,55.85,72.8258,18.975,Simple_Kapadia,Actor-Female,1958,2009,1998,2009
New_York_City,Juhu,-74.0059,40.7127,72.83,19.1,Jiah_Khan,Actor-Female,1988,2013,2019,2013
Vizianagaram,Hyderabad,83.42,18.12,78.48,17.37,Radha_Kumari,Actor-Female,1942,2012,1982,2012
Madras_Presidency,Chennai,80.27,13.08,80.27,13.0839,S._N._Lakshmi,Actor-Female,1927,2012,1967,2012
Lahore,Mumbai,74.3436,31.5497,72.8258,18.975,Manorama_(Hindi_actress),Actor-Female,1926,2008,1966,2008
Mannargudi,Chennai,79.43,10.663,80.27,13.0839,Manorama_(Tamil_actress),Actor-Female,1937,2015,1977,2015
Kolkata,Chennai,88.3667,22.5667,80.27,13.0839,Mayoori_(actress),Actor-Female,1983,2005,2019,2005
Baghdad,Mumbai,44.3833,33.3333,72.8258,18.975,Nadira_(actress),Actor-Female,1932,2006,1972,2006
Machilipatnam,Hyderabad,81.13,16.17,78.48,17.37,Nirmalamma,Actor-Female,1920,2009,1960,2009
Thiruvananthapuram,Chennai,76.9525,8.4875,80.27,13.0839,Padmini_(actress),Actor-Female,1932,2006,1972,2006
Travancore,Adoor,76.9167,8.43333,76.44,9.1,Adoor_Pankajam,Actor-Female,1925,2010,1965,2010
Amreli,Bandra,71.23,21.62,72.8406,19.0544,Dina_Pathak,Actor-Female,1922,2002,1962,2002
Thrissur,Chennai,76.21,10.52,80.27,13.0839,Philomina,Actor-Female,1926,2006,1966,2006
Ludhiana,Ludhiana,75.85,30.9,75.85,30.9,Shubha_Phutela,Actor-Female,1991,2012,2019,2012
Aranmula,Thiruvananthapuram,76.68,9.33,76.9525,8.4875,Aranmula_Ponnamma,Actor-Female,1914,2011,1954,2011
Bhongir,Hyderabad,78.89,17.51,78.48,17.37,Prathyusha,Actor-Female,1981,2002,2019,2002
Patiala,Juhu,76.4,30.32,72.83,19.1,Kuljeet_Randhawa,Actor-Female,1976,2006,2016,2006
Valsad,Mumbai,72.926,20.63,72.8258,18.975,Nirupa_Roy,Actor-Female,1931,2004,1971,2004
Peshawar,Pune,71.5833,34.0167,73.8567,18.5203,Achala_Sachdev,Actor-Female,1920,2012,1960,2012
Mumbai,Jomsom,72.8258,18.975,83.7306,28.7833,Taruni_Sachdev,Actor-Female,1998,2012,2019,2012
Saharanpur,Delhi,77.546,29.964,77.23,28.61,Zohra_Sehgal,Actor-Female,1912,2014,1952,2014
Chandigarh,Mumbai,76.78,30.74,72.8258,18.975,Rubina_Shergill,Actor-Female,1982,2012,2019,2012
Central_India_Agency,Pune,78.17,26.22,73.8567,18.5203,Jaymala_Shiledar,Actor-Female,1926,2013,1966,2013
Bangalore,Bangalore,77.56,12.97,77.56,12.97,Uma_Shivakumar,Actor-Female,1941,2013,1981,2013
Indore,Mumbai,75.8472,22.7167,72.8258,18.975,Sudha_Shivpuri,Actor-Female,1937,2015,1977,2015
Mulbagal,Bengaluru,78.4,13.1667,77.559998,12.966666,Soundarya,Actor-Female,1972,2004,2012,2004
Chennai,Thiruvananthapuram,80.27,13.0839,76.9525,8.4875,Srividya,Actor-Female,1953,2006,1993,2006
Galle,Chennai,80.2117,6.05361,80.27,13.0839,Sujatha_(actress),Actor-Female,1952,2011,1992,2011
Nagercoil,Chennai,77.43,8.17,80.27,13.0839,Sukumari,Actor-Female,1940,2013,1980,2013
Golaghat,Golaghat,93.97,26.52,93.97,26.52,Aideu_Handique,Actor-Female,1915,2002,1955,2002
East_Godavari_district,Chennai,82.25,16.95,80.27,13.0839,Anjali_Devi,Actor-Female,1927,2014,1967,2014
Kolhapur,Kolhapur,74.2333,16.6917,74.2333,16.6917,Asha_Patil,Actor-Female,1936,2016,1976,2016
Ongole,Chennai,80.05,15.5,80.27,13.0839,Bhanumathi_Ramakrishna,Actor-Female,1925,2005,1965,2005
Delhi,Karachi,77.23,28.61,67.01,24.86,Bibbo_(actress),Actor-Female,1906,1972,1946,1972
Bhagalpur,Kolkata,87,25.25,88.3667,22.5667,Chhaya_Devi,Actor-Female,1914,2001,1954,2001
Madras_Presidency,Bangalore,80.27,13.08,77.56,12.97,Devika_Rani,Actor-Female,1908,1994,1948,1994
Mumbai,Mumbai,72.8258,18.975,72.8258,18.975,Divya_Bharti,Actor-Female,1974,1993,2014,1993
Mumbai,Mumbai,72.8258,18.975,72.8258,18.975,Durga_Khote,Actor-Female,1905,1991,1945,1991
Kolkata,Mumbai,88.3667,22.5667,72.8258,18.975,Esther_Victoria_Abraham,Actor-Female,1916,2006,1956,2006
Ongole,Chennai,80.05,15.5,80.27,13.0839,Garikapati_Varalakshmi,Actor-Female,1926,2006,1966,2006
Sargodha,Mumbai,72.6711,32.0836,72.8258,18.975,Geeta_Bali,Actor-Female,1930,1965,1970,1965
Faridpur_District,Mumbai,89.83,23.5,72.8258,18.975,Geeta_Dutt,Actor-Female,1930,1972,1970,1972
Kolkata,Kolkata,88.3667,22.5667,88.3667,22.5667,Gita_Dey,Actor-Female,1931,2011,1971,2011
Lahore,Mumbai,74.3436,31.5497,72.8258,18.975,Gohar_Mamajiwala,Actor-Female,1910,1985,1950,1985
Madras_Presidency,Belgaum,80.27,13.08,74.5,15.87,Kalpana_(Kannada_actress),Actor-Female,1943,1979,1983,1979
Srinagar,Pune,74.79,34.09,73.8567,18.5203,Kalpana_Mohan,Actor-Female,1946,2012,1986,2012
Howrah,Kolkata,88.31,22.59,88.3667,22.5667,Kanan_Devi,Actor-Female,1916,1992,1956,1992
Tenali,Chennai,80.64,16.2428,80.27,13.0839,Kanchanamala,Actor-Female,1917,1981,1957,1981
Kolkata,Kolkata,88.3667,22.5667,88.3667,22.5667,Karuna_Banerjee,Actor-Female,1919,2001,1959,2001
Tenali,Vijayawada,80.64,16.2428,80.6305,16.5193,Kumari_(actress),Actor-Female,1921,2008,1961,2008
Nasik,Pune,73.78,20,73.8567,18.5203,Lalita_Pawar,Actor-Female,1916,1998,1956,1998
Dharwad,Connecticut,75.0083,15.4583,-72.7,41.6,Leela_Chitnis,Actor-Female,1909,2003,1949,2003
Jais,Mumbai,81.53,26.25,72.8258,18.975,Leela_Mishra,Actor-Female,1908,1988,1948,1988
Mumbai,Mumbai,72.8258,18.975,72.8258,18.975,Leela_Naidu,Actor-Female,1940,2009,1980,2009
Kottayam,Kottayam,76.52,9.59,76.52,9.59,M._K._Kamalam,Actor-Female,1923,2010,1963,2010
Madras_Presidency,Chennai,80.27,13.08,80.27,13.0839,M._S._Subbulakshmi,Actor-Female,1916,2004,1956,2004
Madurai,Chennai,78.1,9.93,80.27,13.0839,M._S._Sundari_Bai,Actor-Female,1923,2006,1963,2006
Kingdom_of_Mysore,Chennai,76.65,12.3,80.27,13.0839,M._V._Rajamma,Actor-Female,1921,1999,1961,1999
New_Delhi,Mumbai,77.2089,28.6139,72.8258,18.975,Madhubala,Actor-Female,1933,1969,1973,1969
Tumkur,Bangalore,77.1,13.34,77.56,12.97,Manjula_(Kannada_actress),Actor-Female,1951,1986,1991,1986
Mumbai,Mumbai,72.8258,18.975,72.8258,18.975,Meena_Kumari,Actor-Female,1932,1972,1972,1972
Raiwind,Lahore,74.2211,31.2542,74.3436,31.5497,Meena_Shorey,Actor-Female,1921,1989,1961,1989
Kozhikode_district,Cherthala,75.77,11.25,76.3361,9.68694,Monisha_Unni,Actor-Female,1971,1992,2011,1992
Bangalore,Mumbai,77.56,12.97,72.8258,18.975,Nafisa_Joseph,Actor-Female,1978,2004,2018,2004
Mumbai,Mumbai,72.8258,18.975,72.8258,18.975,Nalini_Jaywant,Actor-Female,1926,2010,1966,2010
Kolhapur,Mumbai,74.2333,16.6917,72.8258,18.975,Nanda_(actress),Actor-Female,1939,2014,1979,2014
Kolkata,Mumbai,88.3667,22.5667,72.8258,18.975,Nargis,Actor-Female,1929,1981,1969,1981
Delhi,Mumbai,77.23,28.61,72.8258,18.975,Naseem_Banu,Actor-Female,1916,2002,1956,2002
Hyderabad,Mumbai,78.48,17.37,72.8258,18.975,Nigar_Sultana_(actress),Actor-Female,1932,2000,1972,2000
Varanasi,Mumbai,82.96,25.28,72.8258,18.975,Nirmala_Devi,Actor-Female,1927,1996,1967,1996
Bangalore,Bangalore,77.56,12.97,77.56,12.97,Nivedita_Jain,Actor-Female,1979,1998,2019,1998
Pune,Mumbai,73.8567,18.5203,72.8258,18.975,Padmarani,Actor-Female,1937,2016,1977,2016
Mysore_State,Chennai,76.65,12.3,80.27,13.0839,Pandari_Bai,Actor-Female,1928,2003,1968,2003
Junagadh,Mumbai,70.463,21.52,72.8258,18.975,Parveen_Babi,Actor-Female,1949,2005,1989,2005
Eluru,Chennai,81.1,16.7,80.27,13.0839,Pasupuleti_Kannamba,Actor-Female,1912,1964,1952,1964
Mumbai,Mumbai,72.8258,18.975,72.8258,18.975,Pearl_Padamsee,Actor-Female,1931,2000,1971,2000
Mumbai,Mumbai,72.8258,18.975,72.8258,18.975,Persis_Khambatta,Actor-Female,1948,1998,1988,1998
Mumbai,Mumbai,72.8258,18.975,72.8258,18.975,Preeti_Ganguly,Actor-Female,1953,2012,1993,2012
Shimla,Mumbai,77.1,31.1033,72.8258,18.975,Priya_Rajvansh,Actor-Female,1937,2000,1977,2000
Mysore,Bengaluru,76.6,12.26,77.559998,12.966666,R._Nagarathnamma,Actor-Female,1926,2012,1966,2012
Madras_Presidency,Chennai,80.27,13.08,80.27,13.0839,Rajasulochana,Actor-Female,1935,2013,1975,2013
Kochi,Mumbai,76.28,9.96667,72.8258,18.975,Rani_Chandra,Actor-Female,1949,1976,1989,1976
Pune,Mumbai,73.8567,18.5203,72.8258,18.975,Ruby_Myers,Actor-Female,1907,1983,1947,1983
Jaggampeta,Chennai,82.05,17.1833,80.27,13.0839,S._Varalakshmi,Actor-Female,1925,2009,1965,2009
Kolkata,Kolkata,88.3667,22.5667,88.3667,22.5667,Sadhana_Bose,Actor-Female,1914,1973,1954,1973
Sind_Province_(1936â€“55),Mumbai,68.56,26.1,72.8258,18.975,Sadhana_Shivdasani,Actor-Female,1941,2015,1981,2015
Proddatur,Chennai,78.55,14.73,80.27,13.0839,Santha_Kumari,Actor-Female,1920,2006,1960,2006
Guntur_district,Chennai,80.45,16.3,80.27,13.0839,Savitri_(actress),Actor-Female,1936,1981,1976,1981
Mumbai,Pune,72.8258,18.975,73.8567,18.5203,Shobhna_Samarth,Actor-Female,1916,2000,1956,2000
Eluru,Chennai,81.1,16.7,80.27,13.0839,Silk_Smitha,Actor-Female,1960,1996,2000,1996
Pune,Mumbai,73.8567,18.5203,72.8258,18.975,Smita_Patil,Actor-Female,1955,1986,1995,1986
Pabna,Kolkata,89.2167,24.0167,88.3667,22.5667,Suchitra_Sen,Actor-Female,1931,2014,1971,2014
Gujranwala,Mumbai,74.1833,32.15,72.8258,18.975,Suraiya,Actor-Female,1929,2004,1969,2004
Kakinada,Hyderabad,82.255,16.9661,78.48,17.37,Suryakantam_(actress),Actor-Female,1924,1994,1964,1994
Karvetinagar,Chennai,79.45,13.4167,80.27,13.0839,T._G._Kamala_Devi,Actor-Female,1930,2012,1970,2012
Kharagpur,Vijayawada,87.3237,22.3302,80.6305,16.5193,T._Kanakam,Actor-Female,1927,2015,1967,2015
Thoothukudi,Chennai,78.36,8.81,80.27,13.0839,T._P._Muthulakshmi,Actor-Female,1931,2008,1971,2008
Madras_Presidency,Chennai,80.27,13.08,80.27,13.0839,T._R._Rajakumari,Actor-Female,1922,1999,1962,1999
Dehradun,Juhu,78.029,30.318,72.83,19.1,Urmila_Bhatt,Actor-Female,1934,1997,1974,1997
Vasai-Virar,Nashik,72.8,19.47,73.78,20,Usha_Kiran,Actor-Female,1929,2000,1969,2000
Vaikom,Chennai,76.4,9.76667,80.27,13.0839,V._N._Janaki,Actor-Female,1923,1996,1963,1996
Gulbarga,Bangalore,76.8333,17.3333,77.56,12.97,Vaishali_Kasaravalli,Actor-Female,1952,2010,1992,2010
Quetta,Mumbai,67,30.1833,72.8258,18.975,Veena_(actress),Actor-Female,1926,2004,1966,2004
Jalandhar,Mumbai,75.576,31.326,72.8258,18.975,Vimi,Actor-Female,1943,1977,1983,1977
Surat,Mumbai,72.83,21.17,72.8258,18.975,Zubeida,Actor-Female,1911,1988,1951,1988
Nashik,Mumbai,73.78,20,72.8258,18.975,Shanta_Gandhi,Theatre-Female,1917,2002,1957,2002
Kolkata,Kolkata,88.3667,22.5667,88.3667,22.5667,Sombhu_Mitra,Theatre,1915,1997,1955,1997
Barisal,Kolkata,90.5,22.8,88.3667,22.5667,Utpal_Dutt,Theatre,1929,1993,1969,1993
Belgaum,East_Sussex,74.5,15.87,0.333333,50.9167,Agnes_Giberne,Writers-female,1845,1939,1885,1939
Jalandhar,Ludhiana,75.576,31.326,75.85,30.9,Amrita_Chaudhry,Writers-female,1972,2012,2012,2012
Gujranwala,Delhi,74.1833,32.15,77.23,28.61,Amrita_Pritam,Writers-female,1919,2005,1959,2005
Clapham,Madras_Presidency,-0.14,51.46,80.27,13.08,Annie_Besant,Writers-female,1847,1933,1887,1933
Madras_Presidency,Chennai,80.27,13.08,80.27,13.0839,Anuradha_Ramanan,Writers-female,1947,2010,1987,2010
Kolkata,Kolkata,88.3667,22.5667,88.3667,22.5667,Aroti_Dutt,Writers-female,1924,2003,1964,2003
Punnayurkulam,Kochi,75.9833,10.6667,76.28,9.96667,Balamani_Amma,Writers-female,1909,2004,1949,2004
Rangpur_District,Kolkata,89.25,25.7333,88.3667,22.5667,Begum_Rokeya,Writers-female,1880,1932,1920,1932
Bellary,Hyderabad,76.9167,15.1,78.48,17.37,Bhargavi_Rao,Writers-female,1944,2008,1984,2008
Pune,Pune,73.8567,18.5203,73.8567,18.5203,Chitra_Naik,Writers-female,1918,2010,1958,2010
Nashik,London,73.78,20,-0.1275,51.5072,Cornelia_Sorabji,Writers-female,1866,1954,1906,1954
South_Calcutta,New_Delhi,88.366669,22.566668,77.2089,28.6139,Geeta_Mukherjee,Writers-female,1924,2000,1964,2000
Navsari,Vadodara,72.93,20.95,73.19,22.3,Homai_Vyarawalla,Writers-female,1913,2012,1953,2012
Budaun,Mumbai,79.12,28.05,72.8258,18.975,Ismat_Chughtai,Writers-female,1915,1991,1955,1991
Jaipur,Kolkata,75.8,26.9,88.3667,22.5667,Jyotirmoyee_Devi,Writers-female,1894,1988,1934,1988
Mysore,London,76.6,12.26,-0.1275,51.5072,Kamala_Markandaya,Writers-female,1924,2004,1964,2004
Kalimpong,Darjeeling,88.47,27.06,88.2667,27.05,Kamala_Sankrityayan,Writers-female,1920,2009,1960,2009
Malabar_District,Pune,75.2704,12.0106,73.8567,18.5203,Kamala_Surayya,Writers-female,1934,2009,1974,2009
Barisal_District,Hazaribagh,90.37,22.8,85.35,23.98,Kamini_Roy,Writers-female,1864,1933,1904,1933
Travancore,Thiruvananthapuram,76.9167,8.43333,76.9525,8.4875,Karthika_Thirunal_Lakshmi_Bayi,Writers-female,1916,2008,1956,2008
Madikeri,Coorg_State,75.73,12.42,75.7397,12.4208,Kodagina_Gowramma,Writers-female,1912,1939,1952,1939
Barisal,Kolkata,90.5,22.8,88.3667,22.5667,Kusumkumari_Das,Writers-female,1875,1948,1915,1948
Chennai,Chennai,80.27,13.0839,80.27,13.0839,Lakshmi_Krishnamurti,Writers-female,1925,2009,1965,2009
Palai,Kottayam,76.7,9.71278,76.52,9.59,Leela_Devi,Writers-female,1932,1998,1972,1998
Kolkata,Kolkata,88.3667,22.5667,88.3667,22.5667,Leela_Majumdar,Writers-female,1908,2007,1948,2007
Imphal,Imphal,93.95,24.82,93.95,24.82,M._K._Binodini_Devi,Writers-female,1922,2011,1962,2011
Mandya,Mandya,76.9,12.52,76.9,12.52,M._N._Singaramma,Writers-female,1920,2006,1960,2006
Lisbon,Goa,-9.13944,38.7138,73.8293,15.4986,Madhavi_Sardesai,Writers-female,1962,2014,2002,2014
Hyderabad,Hyderabad,78.48,17.37,78.48,17.37,Mah_Laqa_Bai,Writers,1768,1824,1808,1824
Farrukhabad,Allahabad,79.63,27.37,82.5,25.45,Mahadevi_Varma,Writers-female,1907,1987,1947,1987
Dhaka,Kolkata,90.3667,23.7,88.3667,22.5667,Mahasweta_Devi,Writers-female,1926,2016,1966,2016
Guwahati,Guwahati,91.7333,26.1833,91.7333,26.1833,Mamoni_Raisom_Goswami,Writers-female,1942,2011,1982,2011
Paris,Pondicherry,2.3508,48.8567,79.7852,11.931,Mirra_Alfassa,Writers-female,1878,1973,1918,1973
Madras_Presidency,Chennai,80.27,13.08,80.27,13.0839,Muthulakshmi_Reddi,Writers-female,1886,1968,1926,1968
Cuttack,Bhubaneswar,85.7881,20.5231,85.84,20.27,Nandini_Satpathy,Writers-female,1931,2006,1971,2006
Mysore,Mysore_State,76.6,12.26,76.65,12.3,Nanjangud_Tirumalamba,Writers-female,1887,1982,1927,1982
Moscow,Dachau_concentration_camp,37.6178,55.7517,11.4686,48.2689,Noor_Inayat_Khan,Writers-female,1914,1944,1954,1944
Etawah,Mumbai,79.03,26.77,72.8258,18.975,Pupul_Jayakar,Writers-female,1915,1997,1955,1997
North_Lakhimpur,Kolkata,94.1056,27.2414,88.3667,22.5667,Pushpalata_Das,Writers-female,1915,2003,1955,2003
Aligarh,Noida,78.08,27.88,77.32,28.57,Qurratulain_Hyder,Writers-female,1927,2007,1967,2007
Mumbai,Royal_Tunbridge_Wells,72.8258,18.975,0.263,51.1319,Rachel_Beer,Writers-female,1858,1927,1898,1927
Kanpur,Moscow,80.3319,26.4499,37.6178,55.7517,Rashid_Jahan,Writers-female,1905,1952,1945,1952
Kochi,Neot_Mordechai,76.28,9.96667,35.5967,33.1599,Ruby_Daniel,Writers-female,1912,2002,1952,2002
Panipat,Dubai,76.97,29.39,55.3095,24.95,Sajida_Zaidi,Writers-female,1926,2011,1966,2011
Patna,Brighton,85.1,25.6,-0.131312,50.8429,Sake_Dean_Mahomed,Writers,1759,1851,1799,1851
Hyderabad_State,Lucknow,78.8333,17,80.9,26.8,Sarojini_Naidu,Writers-female,1879,1949,1919,1949
Lyon,Sible_Hedingham,4.84,45.76,0.583333,51.9667,Savitri_Devi,Writers-female,1905,1982,1945,1982
Bengaluru,Bengaluru,77.559998,12.966666,77.559998,12.966666,Shakuntala_Devi,Writers-female,1929,2013,1969,2013
Mumbai,Mumbai,72.8258,18.975,72.8258,18.975,Sharada_Dwivedi,Writers-female,1942,2012,1982,2012
Pune,Pune,73.8567,18.5203,73.8567,18.5203,Sharmila_Rege,Writers-female,1964,2013,2004,2013
Rajkot,New_Delhi,70.78,22.3,77.2089,28.6139,Shivani,Writers-female,1923,2003,1963,2003
Bhagalpur,Kolkata,87,25.25,88.3667,22.5667,Suchitra_Bhattacharya,Writers-female,1950,2015,1990,2015
Mattancherry,Kochi,76.2542,9.9625,76.28,9.96667,Sulekha_Hussain,Writers-female,1930,2014,1970,2014
Kolkata,Kolkata,88.3667,22.5667,88.3667,22.5667,Swarnakumari_Devi,Writers-female,1855,1932,1895,1932
Pune,Mumbai,73.8567,18.5203,72.8258,18.975,Tarla_Dalal,Writers-female,1936,2013,1976,2013
Devanahalli,Srirangapatna,77.7,13.23,76.704,12.414,Tipu_Sultan,Writers,1750,1799,1790,1799
Kolkata,Kolkata,88.3667,22.5667,88.3667,22.5667,Toru_Dutt,Writers-female,1856,1877,1896,1877
Nagpur,Mumbai,79.09,21.15,72.8258,18.975,Varsha_Bhosle,Writers-female,1956,2012,1996,2012
Kolkata,New_Delhi,88.3667,22.5667,77.2089,28.6139,Vina_Mazumdar,Writers-female,1927,2013,1967,2013
Amravati,Mumbai,77.75,20.93,72.8258,18.975,Wajida_Tabassum,Writers-female,1935,2011,1975,2011
Meerut,Aligarh,77.7,28.99,78.08,27.88,Zahida_Zaidi,Writers-female,1930,2011,1970,2011
Sitamarhi,Darbhanga,85.48,26.6,85.9,26.17,Acharya_Ramlochan_Saran,Writer,1889,1971,1929,1971
Peringara,Thiruvananthapuram,76.5333,9.36667,76.9525,8.4875,Atmananda_Krishna_Menon,Writer,1883,1959,1923,1959
Central_Provinces,Delhi,79.09,21.15,77.23,28.61,B._R._Ambedkar,Writer,1891,1956,1931,1956
Ratnagiri,Mumbai,73.3,16.98,72.8258,18.975,Bal_Gangadhar_Tilak,Writer,1856,1920,1896,1920
Madras_Presidency,Chennai,80.27,13.08,80.27,13.0839,C._Rajagopalachari,Writer,1878,1972,1918,1972
Lucknow,Lucknow,80.9,26.8,80.9,26.8,Edward_Hilton,Writer,1840,1922,1880,1922
Ahmednagar_district,Mumbai,74.7325,19.0981,72.8258,18.975,Govind_Pansare,Writer,1933,2015,1973,2015
Puri,Patna,85.8314,19.8106,85.1,25.6,Jagannath_Sarkar,Writer,1919,2011,1959,2011
Allahabad,New_Delhi,82.5,25.45,77.2089,28.6139,Jawaharlal_Nehru,Writer,1889,1964,1929,1964
Mangrol,Ahmedabad,70.12,21.12,72.58,23.03,Keshavram_Kashiram_Shastri,Writer,1905,2006,1945,2006
Dhudike,Lahore,75.33,30.75,74.3436,31.5497,Lala_Lajpat_Rai,Writer,1865,1928,1905,1928
Porbandar_State,Gandhi_Smriti,69.6,21.63,77.2143,28.6019,Mahatma_Gandhi,Writer,1869,1948,1909,1948
Nagapattinam,Madras_State,79.83,10.77,80.27,13.09,Maraimalai_Adigal,Writer,1876,1950,1916,1950
Krishna_district,Kakinada,81.2167,16.2833,82.255,16.9661,Muthyala_Theophilus,Writer,1895,1946,1935,1946
Dhaka,Kolkata,90.3667,23.7,88.3667,22.5667,Nihar_Mukherjee,Writer,1920,2010,1960,2010
Cuttack_district,Cuttack,85.833,20.466,85.7881,20.5231,Ramakrushna_Nanda,Writer,1906,1994,1946,1994
Dawei,New_Delhi,98.2,14.0833,77.2089,28.6139,Richard_Bartholomew,Writer,1926,1985,1966,1985
Hyderabad,Hyderabad,78.48,17.37,78.48,17.37,Sayyid_Ahmedullah_Qadri,Writer,1909,1985,1949,1985
Hyderabad,Hyderabad,78.48,17.37,78.48,17.37,Sayyid_Shamsullah_Qadri,Writer,1885,1953,1925,1953
Imphal,Manipur,93.95,24.82,93.95,24.817,Abenao_Elangbam,Actor-Female,1986,9999,2019,2019
Challakere,Bangalore,76.651,14.312,77.56,12.97,Abhijith,Actor-Male,1963,9999,2003,2019
New_Delhi,Mumbai,77.2089,28.6139,72.8258,18.975,Abhishek_Malik,Actor-Male,1990,9999,2019,2019
Mumbai,Juhu,72.8258,18.975,72.83,19.1,Aditya_Chopra,Theatre,1971,9999,2011,2019
Barh,Maharashtra,85.72,25.48,72.82,18.96,Aham_Sharma,Actor-Male,1989,9999,2019,2019
Kottayam,Dubai,76.52,9.59,55.3095,24.95,Aima_Rosmy_Sebastian,Actor-Female,1994,9999,2019,2019
Hyderabad,Tamil_Nadu,78.48,17.37,80.27,13.09,Ajith_Kumar,Actor-Male,1971,9999,2011,2019
Kerala,Kerala,77,8.5,77,8.5,Aju_Varghese,Actor-Male,1985,9999,2019,2019
Kannur,Ernakulam,75.3555,11.8689,76.28,9.98,Akshara_Kishor,Actor-Female,2008,9999,2019,2019
Andhra_Pradesh,Hyderabad,80.64,16.5,78.48,17.37,Allari_Naresh,Actor-Male,1982,9999,2019,2019
Chennai,Hyderabad,80.27,13.0839,78.48,17.37,Allu_Arjun,Actor-Male,1982,9999,2019,2019
Chennai,Telangana,80.27,13.0839,78.475,17.366,Allu_Sirish,Actor-Male,1987,9999,2019,2019
Jammu_and_Kashmir,Mumbai,76.24,33.45,72.8258,18.975,Aly_Goni,Actor-Male,1991,9999,2019,2019
Kerala,Kochi,77,8.5,76.28,9.96667,Amala_Paul,Actor-Female,1991,9999,2019,2019
Bihar,Maharashtra,85.13,25.37,72.82,18.96,Amardeep_Jha,Actor-Female,1960,9999,2000,2019
Bangalore,Chennai,77.56,12.97,80.27,13.0839,Amit_Bhargav,Actor-Male,1989,9999,2019,2019
Mumbai,Hyderabad,72.8258,18.975,78.48,17.37,Amitov_Teja,Actor-Male,1995,9999,2019,2019
Gorakhpur,Mumbai,83.3697,26.7588,72.8258,18.975,Amrapali_Dubey,Actor-Female,1987,9999,2019,2019
Hyderabad,Hyderabad,78.48,17.37,78.48,17.37,Anasuya_Bharadwaj,Actor-Female,1985,9999,2019,2019
Angamaly,Bangalore,76.386,10.196,77.56,12.97,Anjana_Menon,Actor-Female,1988,9999,2019,2019
Talaja,Mumbai,72.05,21.35,72.8258,18.975,Anjum_Rajabali,Actor-Male,1958,9999,1998,2019
Talaja,Mumbai,72.05,21.35,72.8258,18.975,Anjum_Rajabali,Actor-Male,1958,9999,1998,2019
Talaja,Mumbai,72.05,21.35,72.8258,18.975,Anjum_Rajabali,Theatre,1958,9999,1998,2019
Talaja,Mumbai,72.05,21.35,72.8258,18.975,Anjum_Rajabali,Theatre,1958,9999,1998,2019
Maharashtra,Mumbai,72.82,18.96,72.8258,18.975,Ansha_Sayed,Actor-Female,1988,9999,2019,2019
Kerala,Kerala,77,8.5,77,8.5,Anson_Paul,Actor-Male,1988,9999,2019,2019
Pune,Mumbai,73.8567,18.5203,72.8258,18.975,Anuja_Sathe,Actor-Female,1987,9999,2019,2019
Pattambi,Kerala,76.5731,10.756,77,8.5,Anumol,Actor-Female,1987,9999,2019,2019
Mangalore,Telangana,74.88,12.87,78.475,17.366,Anushka_Shetty,Actor-Female,1981,9999,2019,2019
Kalpetta,Kalpetta,76.0813,11.6226,76.0813,11.6226,Anu_Sithara,Actor-Female,1995,9999,2019,2019
Jalandhar,Tamil_Nadu,75.576,31.326,80.27,13.09,Aravind_Akash,Actor-Male,1976,9999,2016,2019
New_Delhi,Kochi,77.2089,28.6139,76.28,9.96667,Archana_Kavi,Actor-Female,1990,9999,2019,2019
Rajasthan,Mumbai,73.839,26.5727,72.8258,18.975,Arhaan_Behll,Actor-Male,1984,9999,2019,2019
Mangalore,Mangalore,74.88,12.87,74.88,12.87,Arjun_Kapikad,Actor-Male,1990,9999,2019,2019
Kerala,Tamil_Nadu,77,8.5,80.27,13.09,Arya_(actor),Actor-Male,1980,9999,2019,2019
Uttarakhand,Mumbai,78.06,30.33,72.8258,18.975,Asha_Negi,Actor-Female,1989,9999,2019,2019
Perumbavoor,Dubai,76.483,10.133,55.3095,24.95,Asha_Sarath,Actor-Female,1975,9999,2015,2019
Kochi,Mumbai,76.28,9.96667,72.8258,18.975,Asin,Actor-Female,1985,9999,2019,2019
Tamil_Nadu,Chennai,80.27,13.09,80.27,13.0839,Besant_Ravi,Actor-Male,1970,9999,2010,2019
Markapur,Hyderabad,79.28,15.73,78.48,17.37,Betha_Sudhakar,Actor-Male,1959,9999,1999,2019
Andhra_Pradesh,Chennai,80.64,16.5,80.27,13.0839,Bhanu_Chander,Actor-Male,1952,9999,1992,2019
Madhya_Pradesh,Mumbai,77.417,23.25,72.8258,18.975,Bharat_Chawda,Actor-Male,1983,9999,2019,2019
Tiruchirappalli,Tamil_Nadu,78.6856,10.805,80.27,13.09,Bharath_(actor),Actor-Male,1983,9999,2019,2019
Mumbai,Mumbai,72.8258,18.975,72.8258,18.975,Bhavna_Ruparel,Actor-Female,1989,9999,2019,2019
Bhopal,Mumbai,77.4167,23.25,72.8258,18.975,Bhavna_Vyas,Writers-female,1983,9999,2019,2019
Thrissur,Kochi,76.21,10.52,76.28,9.96667,Biju_Menon,Actor-Male,1970,9999,2010,2019
Sattenapalle,Hyderabad,80.1497,16.3962,78.48,17.37,Brahmanandam,Actor-Male,1956,9999,1996,2019
Kerala,Kochi,77,8.5,76.28,9.96667,B._Sandhya,Writers-female,1963,9999,2003,2019
Cuttack,Bhubaneswar,85.7881,20.5231,85.84,20.27,Chandan_Kar,Actor-Male,1981,9999,2019,2019
Mandya,Bangalore,76.9,12.52,77.56,12.97,Chandan_Kumar,Actor-Male,1985,9999,2019,2019
Himachal_Pradesh,Maharashtra,77.1722,31.1033,72.82,18.96,Charlie_Chauhan,Actor-Female,1991,9999,2019,2019
Paramakudi,Alwarpet,78.591,9.544,80.2486,13.0339,Charuhasan,Actor-Male,1931,9999,1971,2019
Kerala,Angamaly,77,8.5,76.386,10.196,Chemban_Vinod_Jose,Actor-Male,1976,9999,2016,2019
Mumbai,Mumbai,72.8258,18.975,72.8258,18.975,Chetan_Hansraj,Actor-Male,1982,9999,2019,2019
Dehradun,Maharashtra,78.029,30.318,72.82,18.96,Chetna_Pande,Actor-Female,1989,9999,2019,2019
Sikkim,Mumbai,88.62,27.33,72.8258,18.975,Danny_Denzongpa,Actor-Male,1948,9999,1988,2019
Mysore,Bengaluru,76.6,12.26,77.559998,12.966666,Darshan_(actor),Actor-Male,1977,9999,2017,2019
Kolkata,Kolkata,88.3667,22.5667,88.3667,22.5667,Debshankar_Haldar,Theatre,1965,9999,2005,2019
Amritsar,Toronto,74.87,31.64,-79.4,43.7,Deepa_Mehta,Theatre,1950,9999,1990,2019
West_Bengal,Kolkata,88.3667,22.5667,88.3667,22.5667,Dev_(actor),Actor-Male,1982,9999,2019,2019
Sahnewal,Punjab_(India),75.9758,30.8448,75.839996,30.790001,Dharmendra,Actor-Male,1935,9999,1975,2019
Telangana,Mumbai,78.475,17.366,72.8258,18.975,Dia_Mirza,Actor-Female,1981,9999,2019,2019
Kerala,Kochi,77,8.5,76.28,9.96667,Dileesh_Pothan,Actor-Male,1981,9999,2019,2019
Bareilly,Uttar_Pradesh,79.415,28.364,80.91,26.85,Disha_Patani,Actor-Female,1995,9999,2019,2019
Ludhiana,Mumbai,75.85,30.9,72.8258,18.975,Divya_Dutta,Actor-Female,1977,9999,2017,2019
Mangalore,Mumbai,74.88,12.87,72.8258,18.975,Erica_Fernandes,Actor-Female,1993,9999,2019,2019
Mumbai,Maharashtra,72.8258,18.975,72.82,18.96,Esha_Deol,Actor-Female,1981,9999,2019,2019
Alappuzha,Alappuzha,76.4,9.49,76.4,9.49,Fahadh_Faasil,Actor-Male,1982,9999,2019,2019
Bangalore_Rural_district,Karnataka,77.5746,12.9811,77.5,12.97,Ganesh_(actor),Actor-Male,1977,9999,2017,2019
New_Delhi,Mumbai,77.2089,28.6139,72.8258,18.975,Gaurav_Chopra,Actor-Male,1979,9999,2019,2019
Gurgaon,Mumbai,77.029,28.456,72.8258,18.975,Gaurav_Gera,Actor-Male,1978,9999,2018,2019
Nidadavolu,Chennai,81.67,16.92,80.27,13.0839,Gautami,Actor-Female,1968,9999,2008,2019
Kerala,Tamil_Nadu,77,8.5,80.27,13.09,Geetha_Vijayan,Actor-Female,1972,9999,2012,2019
Chirmiri,Mumbai,82.67,23.2,72.8258,18.975,Gehana_Vasisth,Actor-Female,1993,9999,2019,2019
Andhra_Pradesh,Hyderabad,80.64,16.5,78.48,17.37,Giri_Babu,Actor-Male,1943,9999,1983,2019
Telangana,Telangana,78.475,17.366,78.475,17.366,Gopichand_(actor),Actor-Male,1979,9999,2019,2019
Kerala,Brisbane,77,8.5,153.033,27.4667,Gopika,Actor-Female,1985,9999,2019,2019
Mumbai,Juhu,72.8258,18.975,72.83,19.1,Govinda_(actor),Actor-Male,1963,9999,2003,2019
Delhi,Mumbai,77.23,28.61,72.8258,18.975,Harshad_Arora,Actor-Male,1987,9999,2019,2019
Kodagu_district,Bengaluru,75.7397,12.4208,77.559998,12.966666,Harshika_Poonacha,Actor-Female,1990,9999,2019,2019
Essex,Mumbai,0.583333,51.75,72.8258,18.975,Hazel_Keech,Actor-Female,1987,9999,2019,2019
Gujarat,Mumbai,72.6833,23.2167,72.8258,18.975,Helly_Shah,Actor-Female,1996,9999,2019,2019
Howrah,West_Bengal,88.31,22.59,88.3667,22.5667,Hiran_Chatterjee,Actor-Male,1985,9999,2019,2019
Maharashtra,Maharashtra,72.82,18.96,72.82,18.96,Hrishikesh_Pandey,Actor-Male,1974,9999,2014,2019
Jaipur,Maharashtra,75.8,26.9,72.82,18.96,Irrfan_Khan,Actor-Male,1962,9999,2002,2019
Gujarat,Thiruvananthapuram,72.6833,23.2167,76.9525,8.4875,Isha_Sharvani,Actor-Female,1984,9999,2019,2019
Bihar,Mumbai,85.13,25.37,72.8258,18.975,Ishita_Dutta,Actor-Female,1990,9999,2019,2019
Maharashtra,Mumbai,72.82,18.96,72.8258,18.975,Jackie_Shroff,Actor-Male,1957,9999,1997,2019
Travancore-Cochin,Thiruvananthapuram,76.9167,8.43333,76.9525,8.4875,Jagadish,Actor-Male,1954,9999,1994,2019
Travancore-Cochin,Thiruvananthapuram,76.9167,8.43333,76.9525,8.4875,Jagadish,Actor-Male,1954,9999,1994,2019
Travancore-Cochin,Thiruvananthapuram,76.9167,8.43333,76.9525,8.4875,Jagadish,Theatre,1954,9999,1994,2019
Travancore-Cochin,Thiruvananthapuram,76.9167,8.43333,76.9525,8.4875,Jagadish,Theatre,1954,9999,1994,2019
Machilipatnam,Hyderabad,81.13,16.17,78.48,17.37,Jagapati_Babu,Actor-Male,1961,9999,2001,2019
Karnataka,Tamil_Nadu,77.5,12.97,80.27,13.09,Jayalalithaa,Actor-Female,1948,9999,1988,2019
Madras_Presidency,Telangana,80.27,13.08,78.475,17.366,Jaya_Prakash_Reddy,Actor-Male,1945,9999,1985,2019
Perumbavoor,Valasaravakkam,76.483,10.133,80.1725,13.0439,Jayaram,Actor-Male,1965,9999,2005,2019
Tamil_Nadu,Tamil_Nadu,80.27,13.09,80.27,13.09,Jiiva,Actor-Male,1984,9999,2019,2019
Irinjalakuda,Maharashtra,76.23,10.33,72.82,18.96,Jijoy_Rajagopal,Actor-Male,1976,9999,2016,2019
Madras_Presidency,Chennai,80.27,13.08,80.27,13.0839,J._Mahendran,Theatre,1939,9999,1979,2019
Kerala,Kerala,77,8.5,77,8.5,Joju_George,Actor-Male,1977,9999,2017,2019
Aravakurichi,Karur_District,77.92,10.77,78.066666,10.95,Jothimani,Writers-female,1975,9999,2015,2019
Mumbai,Chennai,72.8258,18.975,80.27,13.0839,Jyothika,Actor-Female,1977,9999,2017,2019
Mumbai,Mumbai,72.8258,18.975,72.8258,18.975,Kajal_Aggarwal,Actor-Female,1985,9999,2019,2019
Paramakudi,Chennai,78.591,9.544,80.27,13.0839,Kamal_Haasan,Theatre,1954,9999,1994,2019
Paramakudi,Chennai,78.591,9.544,80.27,13.0839,Kamal_Haasan,Theatre,1954,9999,1994,2019
Paramakudi,Chennai,78.591,9.544,80.27,13.0839,Kamal_Haasan,Actor-Male,1954,9999,1994,2019
Paramakudi,Chennai,78.591,9.544,80.27,13.0839,Kamal_Haasan,Actor-Male,1954,9999,1994,2019
New_Delhi,Mumbai,77.2089,28.6139,72.8258,18.975,Kanan_Malhotra,Actor-Male,1987,9999,2019,2019
Delhi,Mumbai,77.23,28.61,72.8258,18.975,Kanisha_Malhotra,Actor-Female,1991,9999,2019,2019
Mumbai,Mumbai,72.8258,18.975,72.8258,18.975,Karan_Hariharan,Actor-Male,1992,9999,2019,2019
Mumbai,London,72.8258,18.975,-0.1275,51.5072,Karan_Kapoor,Actor-Male,1962,9999,2002,2019
Maharashtra,Mumbai,72.82,18.96,72.8258,18.975,Karishma_Tanna,Actor-Female,1984,9999,2019,2019
Kerala,Kochi,77,8.5,76.28,9.96667,Kavya_Madhavan,Actor-Female,1984,9999,2019,2019
Sitamarhi,Patna,85.48,26.6,85.1,25.6,Kishori_Sinha,Writers-female,1925,9999,1965,2019
Bihar,UAE,85.13,25.37,54,24,Komal_Jha,Actor-Female,1987,9999,2019,2019
Kollam,Kochi,76.6,8.88,76.28,9.96667,Krishnabhaskar_Mangalasserri,Actor-Male,1973,9999,2013,2019
Mogalthur,Hyderabad,81.6,16.4167,78.48,17.37,Krishnam_Raju,Actor-Male,1940,9999,1980,2019
Mumbai,Maharashtra,72.8258,18.975,72.82,18.96,Krystle_D'Souza,Actor-Female,1989,9999,2019,2019
Ranchi,Chennai,85.33,23.36,80.27,13.0839,K._Srilata,Writers-female,1968,9999,2008,2019
Mumbai,Mumbai,72.8258,18.975,72.8258,18.975,Kumud_Bappal,Actor-Female,1985,9999,2019,2019
Kerala,Kerala,77,8.5,77,8.5,Kunchacko_Boban,Actor-Male,1976,9999,2016,2019
Maharashtra,Mumbai,72.82,18.96,72.8258,18.975,Kurush_Deboo,Actor-Male,1963,9999,2003,2019
Kashmir,Mumbai,76,34.5,72.8258,18.975,Lalit_Parimoo,Actor-Male,1964,9999,2004,2019
Delhi,New_York_City,77.23,28.61,-74.0059,40.7127,Madhur_Jaffrey,Actor-Female,1933,9999,1973,2019
Tamil_Nadu,Hyderabad,80.27,13.09,78.48,17.37,Mahesh_Babu,Actor-Male,1975,9999,2015,2019
Maharashtra,Nagpur,72.82,18.96,79.09,21.15,Mahesh_Elkunchwar,Theatre,1939,9999,1979,2019
Tamil_Nadu,Karnataka,80.27,13.09,77.5,12.97,Malashri,Actor-Female,1973,9999,2013,2019
Andhra_Pradesh,Hyderabad,80.64,16.5,78.48,17.37,Mamilla_Shailaja_Priya,Actor-Female,1978,9999,2018,2019
Bahrain,Los_Angeles,50.55,26.2167,-118.25,34.05,Mamta_Mohandas,Actor-Female,1985,9999,2019,2019
Mumbai,Mumbai,72.8258,18.975,72.8258,18.975,Manisha_Kelkar,Actor-Female,1986,9999,2019,2019
Haryana,Chandigarh,76.78,30.73,76.78,30.74,Manju_Jaidka,Writers-female,1953,9999,1993,2019
Chennai,Hyderabad,80.27,13.0839,78.48,17.37,Manjula_Ghattamaneni,Actor-Female,1970,9999,2010,2019
Thiruvananthapuram,Kochi,76.9525,8.4875,76.28,9.96667,Manju_Pillai,Actor-Female,1975,9999,2015,2019
Nagercoil,Thrissur,77.43,8.17,76.21,10.52,Manju_Warrier,Actor-Female,1978,9999,2018,2019
Kottayam_district,Kochi,76.531,9.595,76.28,9.96667,Manoj_K._Jayan,Actor-Male,1966,9999,2006,2019
Abbottabad,Mumbai,73.2194,34.1558,72.8258,18.975,Manoj_Kumar,Actor-Male,1937,9999,1977,2019
Bangalore,Karnataka,77.56,12.97,77.5,12.97,Manoranjan_Ravichandran,Actor-Male,1987,9999,2019,2019
Mumbai,Mumbai,72.8258,18.975,72.8258,18.975,Mashaal_Durrani,Actor-Male,1993,9999,2019,2019
Uttar_Pradesh,Mumbai,80.91,26.85,72.8258,18.975,Meenakshi_Dixit,Actor-Female,1988,9999,2019,2019
Kochi,Dubai,76.28,9.96667,55.3095,24.95,Meera_Nandan,Actor-Female,1990,9999,2019,2019
Mumbai,Mumbai,72.8258,18.975,72.8258,18.975,Meghana_Erande,Actor-Female,1981,9999,2019,2019
Bangalore,Bangalore,77.56,12.97,77.56,12.97,Meghana_Raj,Actor-Female,1990,9999,2019,2019
Mumbai,Mumbai,72.8258,18.975,72.8258,18.975,Mishkat_Varma,Actor-Male,1989,9999,2019,2019
Kerala,Kochi,77,8.5,76.28,9.96667,Mithun_Murali,Actor-Male,1992,9999,2019,2019
Bihar,Goa,85.13,25.37,73.8293,15.4986,Mridula_Sinha,Writers-female,1942,9999,1982,2019
Pune,Pune,73.8567,18.5203,73.8567,18.5203,Mrinal_Kulkarni,Actor-Female,1971,9999,2011,2019
Mumbai,Maharashtra,72.8258,18.975,72.82,18.96,Mrunal_Jain,Actor-Male,1985,9999,2019,2019
Mumbai,Tamil_Nadu,72.8258,18.975,80.27,13.09,Mumtaj,Actor-Female,1980,9999,2019,2019
Mumbai,United_Kingdom,72.8258,18.975,-0.116667,55,Mumtaz_(actress),Actor-Female,1947,9999,1987,2019
Pathankot,Mumbai,75.6,32.2668,72.8258,18.975,Munisha_Rajpal,Writers-female,1973,9999,2013,2019
Andhra_Pradesh,Telangana,80.64,16.5,78.475,17.366,Murali_Krishna,Actor-Male,1978,9999,2018,2019
Eluru,Film_Nagar,81.1,16.7,78.4382,17.4165,Murali_Mohan,Actor-Male,1940,9999,1980,2019
Tamil_Nadu,Telangana,80.27,13.09,78.475,17.366,Naga_Chaitanya,Actor-Male,1986,9999,2019,2019
Mumbai,Film_Nagar,72.8258,18.975,78.4382,17.4165,Namrata_Shirodkar,Actor-Female,1972,9999,2012,2019
Nimmakuru,Telangana,80.9967,16.2703,78.475,17.366,Nandamuri_Harikrishna,Actor-Male,1956,9999,1996,2019
Hyderabad,Hyderabad,78.48,17.37,78.48,17.37,Nandamuri_Kalyan_Ram,Actor-Male,1978,9999,2018,2019
Telangana,Hyderabad,78.475,17.366,78.48,17.37,Nani_(actor),Actor-Male,1984,9999,2019,2019
Madras_State,Tamil_Nadu,80.27,13.09,80.27,13.09,Napoleon_(actor),Actor-Male,1963,9999,2003,2019
Thrissur,Tamil_Nadu,76.21,10.52,80.27,13.09,Narain_(actor),Actor-Male,1976,9999,2016,2019
Mumbai,Mumbai,72.8258,18.975,72.8258,18.975,Nazneen_Patel,Actor-Female,1985,9999,2019,2019
Kerala,Alappuzha,77,8.5,76.4,9.49,Nazriya_Nazim,Actor-Female,1994,9999,2019,2019
Alappuzha,Trivandrum,76.4,9.49,76.900002,8.4875,Nedumudi_Venu,Actor-Male,1948,9999,1988,2019
Kozhikode,Kochi,75.78,11.25,76.28,9.96667,Neena_Kurup,Actor-Female,1967,9999,2007,2019
Karnataka,Hyderabad,77.5,12.97,78.48,17.37,Nikitha_Narayan,Actor-Female,1992,9999,2019,2019
Rajasthan,Mumbai,73.839,26.5727,72.8258,18.975,Nirbhay_Wadhwa,Actor-Male,1987,9999,2019,2019
Mumbai,Mumbai,72.8258,18.975,72.8258,18.975,Nisha_Agarwal,Actor-Female,1989,9999,2019,2019
Hyderabad,Hyderabad,78.48,17.37,78.48,17.37,Nithiin,Actor-Male,1983,9999,2019,2019
Uttar_Pradesh,Maharashtra,80.91,26.85,72.82,18.96,Nivedita_Tiwari,Actor-Female,1985,9999,2019,2019
Aluva,Kochi,76.35,10.1167,76.28,9.96667,Nivin_Pauly,Actor-Male,1983,9999,2019,2019
Saidapet,Chennai,80.2237,13.0235,80.27,13.0839,Pandiarajan,Actor-Male,1959,9999,1999,2019
Siliguri,Kolkata,88.43,26.71,88.3667,22.5667,Parno_Mittra,Actor-Female,1989,9999,2019,2019
Mumbai,Bangalore,72.8258,18.975,77.56,12.97,Parul_Yadav,Actor-Female,1988,9999,2019,2019
Pathanamthitta_district,Tamil_Nadu,76.78,9.27,80.27,13.09,Parvathy_Jayaram,Actor-Female,1969,9999,2009,2019
California,Telangana,-119.355,35.4586,78.475,17.366,Parvati_Melton,Actor-Female,1983,9999,2019,2019
Andhra_Pradesh,Telangana,80.64,16.5,78.475,17.366,Pawan_Kalyan,Actor-Male,1971,9999,2011,2019
Delhi,Mumbai,77.23,28.61,72.8258,18.975,Piyush_Sahdev,Actor-Male,1987,9999,2019,2019
Mumbai,Mumbai,72.8258,18.975,72.8258,18.975,Poonam_Pandey,Actor-Female,1991,9999,2019,2019
Chennai,Telangana,80.27,13.0839,78.475,17.366,Prabhas,Actor-Male,1979,9999,2019,2019
Delhi,Mumbai,77.23,28.61,72.8258,18.975,Prachi_Tehlan,Actor-Female,1989,9999,2019,2019
Jabalpur,Mumbai,79.9333,23.1667,72.8258,18.975,Pradeep_Rawat_(actor),Actor-Male,1952,9999,1992,2019
Bangalore,Karnataka,77.56,12.97,77.5,12.97,Pranitha_Subhash,Actor-Female,1992,9999,2019,2019
Gujarat,Mumbai,72.6833,23.2167,72.8258,18.975,Prarthi_Dholakia,Theatre-Female,1987,9999,2019,2019
Andhra_Pradesh,Karnataka,80.64,16.5,77.5,12.97,P._Ravi_Shankar,Actor-Male,1966,9999,2006,2019
Pondicherry,Tamil_Nadu,79.7852,11.931,80.27,13.09,Priya_Bhavani_Shankar,Actor-Female,1989,9999,2019,2019
Thiruvananthapuram,Chennai,76.9525,8.4875,80.27,13.0839,Priyadarshan,Theatre,1957,9999,1997,2019
Karnataka,Karnataka,77.5,12.97,77.5,12.97,Raai_Laxmi,Actor-Female,1989,9999,2019,2019
Delhi,New_Delhi,77.23,28.61,77.2089,28.6139,Radhika_Madan,Actor-Female,1995,9999,2019,2019
Shirali,Bangalore,74.5167,14.0167,77.56,12.97,Radhika_Pandit,Actor-Female,1984,9999,2019,2019
Bangalore,Mumbai,77.56,12.97,72.8258,18.975,Rahil_Azam,Actor-Male,1981,9999,2019,2019
Srinagar,Maharashtra,74.79,34.09,72.82,18.96,Rahul_Bhat,Actor-Male,1977,9999,2017,2019
Kolkata,Maharashtra,88.3667,22.5667,72.82,18.96,Rahul_Bose,Actor-Male,1967,9999,2007,2019
New_Delhi,Maharashtra,77.2089,28.6139,72.82,18.96,Rajat_Tokas,Actor-Male,1991,9999,2019,2019
Kingdom_of_Mysore,Vidyaranyapura,76.65,12.3,77.558,13.076,Rajesh_(Kannada_actor),Actor-Male,1935,9999,1975,2019
Jammu,Mumbai,74.87,32.73,72.8258,18.975,Raj_Singh_Arora,Actor-Male,1984,9999,2019,2019
Udupi,Bangalore,74.7451,13.3389,77.56,12.97,Rakshit_Shetty,Actor-Male,1983,9999,2019,2019
Delhi,Hyderabad,77.23,28.61,78.48,17.37,Rakul_Preet_Singh,Actor-Female,1990,9999,2019,2019
Chennai,Telangana,80.27,13.0839,78.475,17.366,Ram_Charan,Actor-Male,1985,9999,2019,2019
Kumbakonam,Bangalore,79.42,10.97,77.56,12.97,Ramesh_Aravind,Actor-Male,1964,9999,2004,2019
Kolhapur,Maharashtra,74.2333,16.6917,72.82,18.96,Ramesh_Deo,Actor-Male,1929,9999,1969,2019
Chennai,Hyderabad,80.27,13.0839,78.48,17.37,Ram_Pothineni,Actor-Male,1988,9999,2019,2019
Karnataka,Bengaluru,77.5,12.97,77.559998,12.966666,Ramya_Barna,Actor-Female,1986,9999,2019,2019
Gorakhpur,Mumbai,83.3697,26.7588,72.8258,18.975,Ravi_Dubey,Actor-Male,1983,9999,2019,2019
Andhra_Pradesh,Telangana,80.64,16.5,78.475,17.366,Ravi_Teja,Actor-Male,1968,9999,2008,2019
Kerala,Bangalore,77,8.5,77.56,12.97,Reba_Monica_John,Actor-Female,1994,9999,2019,2019
Pune,Pune,73.8567,18.5203,73.8567,18.5203,Renu_Desai,Actor-Female,1981,9999,2019,2019
Bangalore,Mumbai,77.56,12.97,72.8258,18.975,Rhea_Chakraborty,Actor-Female,1992,9999,2019,2019
New_Delhi,Northville,77.2089,28.6139,-83.48333,42.433334,Richa_Gangopadhyay,Actor-Female,1986,9999,2019,2019
Telangana,Telangana,78.475,17.366,78.475,17.366,Ritu_Varma,Actor-Female,1990,9999,2019,2019
Mumbai,Mumbai,72.8258,18.975,72.8258,18.975,Riva_Bubber,Actor-Female,1980,9999,2019,2019
Andhra_Pradesh,Film_Nagar,80.64,16.5,78.4382,17.4165,R._Narayana_Murthy,Actor-Male,1953,9999,1993,2019
Delhi,Mumbai,77.23,28.61,72.8258,18.975,Rohit_Khurana,Actor-Male,1983,9999,2019,2019
Mumbai,Mumbai,72.8258,18.975,72.8258,18.975,Rohit_Nair,Actor-Male,1990,9999,2019,2019
Bangalore,Mumbai,77.56,12.97,72.8258,18.975,Roopal_Tyagi,Actor-Female,1989,9999,2019,2019
Allahabad,Mumbai,82.5,25.45,72.8258,18.975,Roshni_Walia,Actor-Female,2001,9999,2019,2019
New_Delhi,Chennai,77.2089,28.6139,80.27,13.0839,R._Sarathkumar,Actor-Male,1954,9999,1994,2019
Nagpur,Mumbai,79.09,21.15,72.8258,18.975,Rucha_Dighe,Actor-Female,1988,9999,2019,2019
Nagpur,Mumbai,79.09,21.15,72.8258,18.975,Ruchi_Savarn,Actor-Female,1992,9999,2019,2019
Hyderabad,Hyderabad,78.48,17.37,78.48,17.37,Sai_Dharam_Tej,Actor-Male,1987,9999,2019,2019
Aroor,Kochi,76.3039,9.87806,76.28,9.96667,Saiju_Kurup,Actor-Male,1979,9999,2019,2019
Hyderabad,Hyderabad,78.48,17.37,78.48,17.37,Sai_Kiran,Actor-Male,1978,9999,2018,2019
Kerala,Kochi,77,8.5,76.28,9.96667,Sajid_Yahiya,Actor-Male,1984,9999,2019,2019
Alwar,Mumbai,76.6,27.57,72.8258,18.975,Sakshi_Tanwar,Actor-Female,1973,9999,2013,2019
Maharashtra,Maharashtra,72.82,18.96,72.82,18.96,Samay_Raj_Thakkar,Actor-Male,1966,9999,2006,2019
Tamil_Nadu,Chennai,80.27,13.09,80.27,13.0839,Samuthirakani,Actor-Male,1973,9999,2013,2019
Ernakulam,Kochi,76.28,9.98,76.28,9.96667,Sana_Althaf,Actor-Female,1999,9999,2019,2019
Srinagar,Mumbai,74.79,34.09,72.8258,18.975,Sandeepa_Dhar,Actor-Female,1989,9999,2019,2019
Kottayam,Kochi,76.52,9.59,76.28,9.96667,Sandra_Thomas,Actor-Female,1986,9999,2019,2019
Hyderabad,Hyderabad,78.48,17.37,78.48,17.37,Sanjay_Reddy,Actor-Male,1968,9999,2008,2019
Guntur_district,Tamil_Nadu,80.45,16.3,80.27,13.09,Saritha,Actor-Female,1964,9999,2004,2019
Kolkata,Kolkata,88.3667,22.5667,88.3667,22.5667,Satabdi_Roy,Actor-Female,1968,9999,2008,2019
Mumbai,Mumbai,72.8258,18.975,72.8258,18.975,Shaheen_Mistri,Writers-female,1971,9999,2011,2019
Banashankari,Karnataka,77.5543,12.9373,77.5,12.97,Sharath_(actor),Actor-Male,1989,9999,2019,2019
Hyderabad,Telangana,78.48,17.37,78.475,17.366,Sharwanand,Actor-Male,1985,9999,2019,2019
Madhya_Pradesh,Mumbai,77.417,23.25,72.8258,18.975,Shashank_Vyas,Actor-Male,1986,9999,2019,2019
Kanimangalam,Tamil_Nadu,76.2,10.4833,80.27,13.09,Sheela,Theatre,1942,9999,1982,2019
Kanimangalam,Tamil_Nadu,76.2,10.4833,80.27,13.09,Sheela,Theatre,1942,9999,1982,2019
Kanimangalam,Tamil_Nadu,76.2,10.4833,80.27,13.09,Sheela,Actor-Female,1942,9999,1982,2019
Kanimangalam,Tamil_Nadu,76.2,10.4833,80.27,13.09,Sheela,Actor-Female,1942,9999,1982,2019
East_Godavari_district,Telangana,82.25,16.95,78.475,17.366,Shekar_Basha,Actor-Male,1982,9999,2019,2019
Ludhiana,Mumbai,75.85,30.9,72.8258,18.975,Shillpi_Sharma,Actor-Female,1982,9999,2019,2019
Nagpur,Mumbai,79.09,21.15,72.8258,18.975,Shiv_Pandit,Actor-Male,1984,9999,2019,2019
Delhi,Mumbai,77.23,28.61,72.8258,18.975,Shresth_Kumar,Actor-Male,1988,9999,2019,2019
Aluva,Dubai,76.35,10.1167,55.3095,24.95,Shritha_Sivadas,Actor-Female,1991,9999,2019,2019
Pune,Maharashtra,73.8567,18.5203,72.82,18.96,Shruti_Marathe,Actor-Female,1990,9999,2019,2019
Mumbai,Mumbai,72.8258,18.975,72.8258,18.975,Shweta_Bajpai,Actor-Female,1992,9999,2019,2019
Bihar,Mumbai,85.13,25.37,72.8258,18.975,Shweta_Basu_Prasad,Actor-Female,1990,9999,2019,2019
Mumbai,Mumbai,72.8258,18.975,72.8258,18.975,Siddhant_Karnick,Actor-Male,1983,9999,2019,2019
Karnataka,London,77.5,12.97,-0.1275,51.5072,Sindhu_Menon,Actor-Female,1985,9999,2019,2019
Mumbai,Tamil_Nadu,72.8258,18.975,80.27,13.09,Sneha_(actress),Actor-Female,1981,9999,2019,2019
Tenali,Mumbai,80.64,16.2428,72.8258,18.975,Sobhita_Dhulipala,Actor-Female,1992,9999,2019,2019
Mumbai,Mumbai,72.8258,18.975,72.8258,18.975,Sonal_Vengurlekar,Actor-Female,1993,9999,2019,2019
Delhi,Mumbai,77.23,28.61,72.8258,18.975,Sonia_Bindra,Actor-Female,1987,9999,2019,2019
Varanasi,Mumbai,82.96,25.28,72.8258,18.975,Soumya_Seth,Actor-Female,1989,9999,2019,2019
Mumbai,Maharashtra,72.8258,18.975,72.82,18.96,Spandan_Chaturvedi,Actor-Female,2007,9999,2019,2019
Thrissur,Thrissur,76.21,10.52,76.21,10.52,Sreejith_Ravi,Actor-Male,1976,9999,2016,2019
Kerala,Kochi,77,8.5,76.28,9.96667,Sreekumari_Ramachandran,Writers-female,1950,9999,1990,2019
Palluruthy,Kochi,76.2739,9.92139,76.28,9.96667,Sreenath_Bhasi,Actor-Male,1987,9999,2019,2019
United_States,Tamil_Nadu,-100,40,80.27,13.09,Sridevi_Vijaykumar,Actor-Female,1986,9999,2019,2019
Bangalore,Bangalore,77.56,12.97,77.56,12.97,Srujan_Lokesh,Actor-Male,1980,9999,2019,2019
Tamil_Nadu,Tamil_Nadu,80.27,13.09,80.27,13.09,S._Shankar,Theatre,1963,9999,2003,2019
West_Bengal,West_Bengal,88.3667,22.5667,88.3667,22.5667,Subhasree_Ganguly,Actor-Female,1988,9999,2019,2019
Maharashtra,Mumbai,72.82,18.96,72.8258,18.975,Suchita_Trivedi,Actor-Female,1976,9999,2016,2019
Shimoga_district,Bangalore,75.28,14,77.56,12.97,Sudeep,Actor-Male,1973,9999,2013,2019
Andhra_Pradesh,Telangana,80.64,16.5,78.475,17.366,Sudeepa_Pinky,Actor-Female,1987,9999,2019,2019
Andhra_Pradesh,Hyderabad,80.64,16.5,78.48,17.37,Sudheer_Babu,Actor-Male,1979,9999,2019,2019
Chennai,Alwarpet,80.27,13.0839,80.2486,13.0339,Suhasini_Maniratnam,Actor-Female,1961,9999,2001,2019
Chennai,Alwarpet,80.27,13.0839,80.2486,13.0339,Suhasini_Maniratnam,Actor-Female,1961,9999,2001,2019
Chennai,Alwarpet,80.27,13.0839,80.2486,13.0339,Suhasini_Maniratnam,Theatre,1961,9999,2001,2019
Chennai,Alwarpet,80.27,13.0839,80.2486,13.0339,Suhasini_Maniratnam,Theatre,1961,9999,2001,2019
Thiruvananthapuram,Pollachi,76.9525,8.4875,77.008,10.659,Sujitha,Actor-Female,1983,9999,2019,2019
Kerala,Hyderabad,77,8.5,78.48,17.37,Suma_Kanakala,Actor-Female,1973,9999,2013,2019
Andhra_Pradesh,Telangana,80.64,16.5,78.475,17.366,Sunil_(actor),Actor-Male,1974,9999,2014,2019
Ludhiana_district,Mumbai,75.85,30.8833,72.8258,18.975,Sunny_Deol,Actor-Male,1956,9999,1996,2019
Mumbai,Mumbai,72.8258,18.975,72.8258,18.975,Surbhi_Chandna,Actor-Female,1989,9999,2019,2019
Kerala,Kerala,77,8.5,77,8.5,Suresh_Gopi,Actor-Male,1959,9999,1999,2019
Coimbatore,Chennai,76.9725,11.0183,80.27,13.0839,Suriya,Actor-Male,1975,9999,2015,2019
Andhra_Pradesh,Mumbai,80.64,16.5,72.8258,18.975,Sushmita_Sen,Actor-Female,1975,9999,2015,2019
Madras_Presidency,Hyderabad,80.27,13.08,78.48,17.37,Tammareddy_Chalapathi_Rao,Actor-Male,1944,9999,1984,2019
Pune,Maharashtra,73.8567,18.5203,72.82,18.96,Tannishtha_Chatterjee,Actor-Female,1980,9999,2019,2019
Hyderabad,Kolkata,78.48,17.37,88.3667,22.5667,Tanusree_Chakraborty,Actor-Female,1981,9999,2019,2019
Maharashtra,Maharashtra,72.82,18.96,72.82,18.96,Tanvi_Hegde,Actor-Female,1991,9999,2019,2019
Vadodara,Mumbai,73.19,22.3,72.8258,18.975,Tanvi_Vyas,Actor-Female,1985,9999,2019,2019
Hyderabad,Hyderabad,78.48,17.37,78.48,17.37,Tejaswi_Madivada,Actor-Female,1991,9999,2019,2019
Godavarikhani,Telangana,79.5133,18.7519,78.475,17.366,Thagubothu_Ramesh,Actor-Male,1981,9999,2019,2019
Thrissur,Kochi,76.21,10.52,76.28,9.96667,Thara_Kalyan,Actor-Female,1965,9999,2005,2019
Karnataka,Bengaluru,77.5,12.97,77.559998,12.966666,Thriller_Manju,Actor-Male,1972,9999,2012,2019
Himachal_Pradesh,Maharashtra,77.1722,31.1033,72.82,18.96,Tisca_Chopra,Actor-Female,1973,9999,2013,2019
Patna,Mumbai,85.1,25.6,72.8258,18.975,Toshi_Sinha,Actor-Female,1978,9999,2018,2019
Thane,Thane,72.957,19.1724,72.957,19.1724,Uday_Sabnis,Actor-Male,1959,9999,1999,2019
Mumbai,Mumbai,72.8258,18.975,72.8258,18.975,Ulka_Gupta,Actor-Female,1997,9999,2019,2019
Kundapur,Bengaluru,74.6889,13.6283,77.559998,12.966666,Upendra_(actor),Actor-Male,1967,9999,2007,2019
Kotdwar,Mumbai,78.53,29.75,72.8258,18.975,Urvashi_Rautela,Actor-Female,1994,9999,2019,2019
Mumbai,Maharashtra,72.8258,18.975,72.82,18.96,Usha_Nadkarni,Actor-Female,1946,9999,1986,2019
Nagpur,Mumbai,79.09,21.15,72.8258,18.975,Vaishnavi_Dhanraj,Actor-Female,1988,9999,2019,2019
Uttar_Pradesh,Mumbai,80.91,26.85,72.8258,18.975,Vandita_Shrivastava,Actor-Female,1983,9999,2019,2019
Thrissur,Nungambakkam,76.21,10.52,80.2326,13.0654,Vani_Viswanath,Actor-Female,1971,9999,2011,2019
Karnataka,Tamil_Nadu,77.5,12.97,80.27,13.09,Varalaxmi_Sarathkumar,Actor-Female,1985,9999,2019,2019
New_Delhi,New_Delhi,77.2089,28.6139,77.2089,28.6139,Varun_Badola,Actor-Male,1974,9999,2014,2019
Tirunelveli,Chennai,77.7,8.73,80.27,13.0839,Vedham_Puthithu_Kannan,Theatre,1950,9999,1990,2019
Kottayam,Kottayam,76.52,9.59,76.52,9.59,Veena_Nair,Actor-Female,1989,9999,2019,2019
Telangana,Telangana,78.475,17.366,78.475,17.366,Vennela_Kishore,Actor-Male,1980,9999,2019,2019
Andhra_Pradesh,Hyderabad,80.64,16.5,78.48,17.37,Venu_Thottempudi,Actor-Male,1976,9999,2016,2019
Kochi,Hong_Kong,76.28,9.96667,114.2,22.3,Vidhya_Unni,Actor-Female,1990,9999,2019,2019
Jaffna,Tamil_Nadu,80,9.66667,80.27,13.09,Vijay_(actor),Actor-Male,1974,9999,2014,2019
Madurai,Chennai,78.1,9.93,80.27,13.0839,Vijayakanth,Actor-Male,1952,9999,1992,2019
New_South_Wales,Australia,147.018,32.1617,133,-27,Vimala_Raman,Actor-Female,1980,9999,2019,2019
Jammu_and_Kashmir,Mumbai,76.24,33.45,72.8258,18.975,Vineet_Raina,Actor-Male,1985,9999,2019,2019
Mumbai,Mumbai,72.8258,18.975,72.8258,18.975,Vinod_Kulkarni,Actor-Male,1967,9999,2007,2019
Kerala,Kerala,77,8.5,77,8.5,Vishnu_Unnikrishnan,Actor-Male,1987,9999,2019,2019
Thrissur,Thrissur,76.21,10.52,76.21,10.52,V._K._Sreeraman,Actor-Male,1953,9999,1993,2019
Bangalore,Bangalore,77.56,12.97,77.56,12.97,V._Ravichandran,Actor-Male,1961,9999,2001,2019
Himachal_Pradesh,Mumbai,77.1722,31.1033,72.8258,18.975,Yami_Gautam,Actor-Female,1988,9999,2019,2019
Hassan_district,Bangalore,76,13,77.56,12.97,Yash_(actor),Actor-Male,1986,9999,2019,2019
Seethanagaram_mandal,Telangana,81.7,17.1833,78.475,17.366,Y._Kasi_Viswanath,Actor-Male,1983,9999,2019,2019
